road,id,model_type,name,lat,lon,length
N1,0,source,"End of Road at Shapla Chattar ,Teknaf Meet with Z1098 &Z1099.",20.8629167,92.298083,130.0
N1,1,link,Infor.missing,20.8629722,92.298083,178.0
N1,2,link,Bridge end,20.8646667,92.2981941,42.0
N1,3,bridge,Bridge start,20.8650278,92.2982497,428.0
N1,4,link,Box culvert,20.8688604,92.2982219,50.0
N1,5,link,Km post missing,20.8692771,92.2981386,794.0
N1,6,link,Bridge end,20.8764993,92.2978886,43.0
N1,7,bridge,Bridge start,20.8768604,92.2978886,163.0
N1,8,link,Teknaf 2 km,20.8782216,92.2977774,431.0
N1,9,link,Box culvert,20.8820271,92.2977774,474.0
N1,10,link,Box culvert,20.8858608,92.2991941,133.0
N1,11,link,Info.Missing,20.8869441,92.2996386,258.0
N1,12,link,Bridge end,20.888833,92.2983886,15.0
N1,13,bridge,Bridge start,20.8889163,92.2982497,742.0
N1,14,link,Teknaf 4 km,20.891833,92.2923052,56.0
N1,15,link,Bridge end,20.8918886,92.2918052,20.0
N1,16,bridge,Bridge start,20.8919163,92.2916663,171.0
N1,17,link,Km post missing,20.8926386,92.2902774,21.0
N1,18,link,Box culvert,20.8927774,92.2901386,79.0
N1,19,link,Box culvert,20.8932774,92.2896386,105.0
N1,20,link,Bridge end,20.8939441,92.2889163,24.0
N1,21,bridge,Bridge start,20.894083,92.2887774,103.0
N1,22,link,Box culvert,20.8948052,92.2881941,84.0
N1,23,link,Box culvert,20.8953608,92.2877219,219.0
N1,24,link,Box culvert,20.8965552,92.286083,47.0
N1,25,link,Bridge end,20.8967774,92.2857219,33.0
N1,26,bridge,Bridge start,20.8969163,92.2854441,210.0
N1,27,link,Box culvert,20.8977497,92.2836941,53.0
N1,28,link,Box culvert,20.8980274,92.283333,22.0
N1,29,link,Km post missing,20.8981108,92.2832493,15.0
N1,30,link,Bridge end,20.8982219,92.283166,47.0
N1,31,bridge,Bridge start,20.8984719,92.2828604,164.0
N1,32,link,Box culvert,20.8994441,92.2817216,113.0
N1,33,link,Bridge end,20.9001111,92.2809716,36.0
N1,34,bridge,Bridge start,20.9003333,92.2807216,311.0
N1,35,link,Box culvert,20.9027222,92.279416,103.0
N1,36,link,Box Culvert,20.9033333,92.2789438,194.0
N1,37,link,Box Culvert,20.9047222,92.2779716,17.0
N1,38,link,Km post missing,20.9048333,92.277916,146.0
N1,39,link,Box culvert,20.9059444,92.2771104,123.0
N1,40,link,Box Culvert,20.90675,92.2764993,238.0
N1,41,link,Bridge end,20.9085556,92.2753604,47.0
N1,42,bridge,Bridge start,20.9088889,92.275166,446.0
N1,43,link,Teknaf 7 km,20.9122222,92.2729438,26.0
N1,44,link,Box Culvert,20.9123889,92.2729716,118.0
N1,45,link,Box culvert,20.9132778,92.2721938,83.0
N1,46,link,Box Culvert,20.9136389,92.2718604,232.0
N1,47,link,Bridge end,20.9154167,92.2706938,38.0
N1,48,bridge,Bridge start,20.9157222,92.2704993,255.0
N1,49,link,Box Culvert,20.9176382,92.2692493,140.0
N1,50,link,Teknaf 8 km,20.9187771,92.2687771,30.0
N1,51,link,Box Culvert,20.9189993,92.2686382,55.0
N1,52,link,Bridge end,20.9194993,92.2684716,17.0
N1,53,bridge,Bridge start,20.9195827,92.268416,530.0
N1,54,link,Bridge end,20.9234993,92.2656111,51.0
N1,55,bridge,Bridge start,20.9238882,92.2653889,381.0
N1,56,link,Infor.missing,20.9270827,92.2644444,256.0
N1,57,link,Bridge end,20.9293327,92.2641389,37.0
N1,58,bridge,Bridge start,20.929666,92.2641111,388.0
N1,59,link,Box culvert,20.9330549,92.2635,150.0
N1,60,link,Box culvert,20.934333,92.26325,40.0
N1,61,link,Box culvert,20.9346663,92.2631667,166.0
N1,62,link,Box culvert,20.9361108,92.2628611,12.0
N1,63,link,Km post missing,20.9361663,92.2628611,109.0
N1,64,link,Bridge end,20.9371108,92.2624722,40.0
N1,65,bridge,Bridge start,20.9373886,92.2623333,752.0
N1,66,link,Box culvert,20.9436941,92.2603056,99.0
N1,67,link,Info.Missing,20.9445552,92.2603333,187.0
N1,68,link,Box culvert,20.9459163,92.2603333,330.0
N1,69,link,Bridge end,20.9481386,92.2593056,46.0
N1,70,bridge,Bridge start,20.9482774,92.2589167,167.0
N1,71,link,Box culvert,20.94957125079681,92.25817740896414,335.0
N1,72,link,Info.Missing,20.9521667,92.2566944,16.0
N1,73,link,Box culvert,20.95225,92.2566111,120.0
N1,74,link,Box culvert,20.9531667,92.2562778,93.0
N1,75,link,Box culvert,20.9538889,92.2559722,336.0
N1,76,link,Box culvert,20.9566667,92.2548056,170.0
N1,77,link,Box culvert,20.9580833,92.2543056,302.0
N1,78,link,Info.Missing,20.9606389,92.2535,168.0
N1,79,link,Bridge end,20.9620556,92.2530556,31.0
N1,80,bridge,Bridge start,20.9622778,92.2528889,323.0
N1,81,link,Box culvert,20.9648611,92.2515278,337.0
N1,82,link,Bridge end,20.9671104,92.2494441,42.0
N1,83,bridge,Bridge start,20.9673604,92.2491663,119.0
N1,84,link,Infor.missing,20.9682771,92.2488052,174.0
N1,85,link,Box culvert,20.9697216,92.2485552,861.0
N1,86,link,Km post missing,20.9769438,92.2502222,76.0
N1,87,link,Bridge end,20.9775827,92.2506111,32.0
N1,88,bridge,Bridge start,20.9778049,92.25075,892.0
N1,89,link,Infor.missing,20.9852774,92.2536389,277.0
N1,90,link,Box culvert,20.9875274,92.2545556,742.0
N1,91,link,Teknaf 18 km,20.9940274,92.2546111,34.0
N1,92,link,Box culvert,20.9942497,92.2545278,503.0
N1,93,link,Bridge end,20.9986386,92.2538889,50.0
N1,94,bridge,Bridge start,20.9990274,92.2537778,445.0
N1,95,link,Teknaf 29 km,21.0029444,92.2531944,424.0
N1,96,link,Box culvert,21.0064444,92.2520833,201.0
N1,97,link,Box culvert,21.0078889,92.251,316.0
N1,98,link,Box culvert,21.0101389,92.2492497,91.0
N1,99,link,Teknaf 20 km,21.0107222,92.2487219,607.0
N1,100,link,Box culvert,21.0150833,92.245333,256.0
N1,101,link,Box culvert,21.0169993,92.2440274,207.0
N1,102,link,Infor.missing,21.0186104,92.2431386,484.0
N1,103,link,Bridge end,21.0226104,92.2420552,35.0
N1,104,bridge,Bridge start,21.0228882,92.2420274,244.0
N1,105,link,Km post missing,21.0249993,92.2418608,209.0
N1,106,link,Box culvert,21.0269438,92.2416941,354.0
N1,107,link,Box culvert,21.0300549,92.2413608,233.0
N1,108,link,Box culvert,21.0321104,92.241083,203.0
N1,109,link,Teknaf 21 km,21.0338608,92.2407774,271.0
N1,110,link,Bridge end,21.0360552,92.2398608,41.0
N1,111,bridge,Bridge start,21.0363608,92.2396941,540.0
N1,112,link,Box culvert,21.0407497,92.2374997,397.0
N1,113,link,Teknaf 23 km,21.0439163,92.2359441,87.0
N1,114,link,Box culvert,21.0446941,92.2356941,381.0
N1,115,link,Box culvert,21.0479441,92.2346386,328.0
N1,116,link,Box culvert,21.0507222,92.2338608,189.0
N1,117,link,Box culvert,21.0512778,92.2323327,64.0
N1,118,link,Teknaf 24 km,21.0513056,92.2317493,125.0
N1,119,link,Bridge end,21.0513611,92.2305827,38.0
N1,120,bridge,Bridge start,21.0513611,92.2302493,648.0
N1,121,link,Box culvert,21.0549722,92.2268049,184.0
N1,122,link,Info.Missing,21.0565833,92.2266104,342.0
N1,123,link,Bridge end,21.0596667,92.2263882,15.0
N1,124,bridge,Bridge start,21.0597778,92.2263882,204.0
N1,125,link,Box culvert,21.0615556,92.2262771,188.0
N1,126,link,Box culvert,21.063,92.2254993,261.0
N1,127,link,Box culvert,21.0650556,92.2245271,78.0
N1,128,link,Km post missing,21.0655833,92.2245549,146.0
N1,129,link,Box culvert,21.0668882,92.2246104,250.0
N1,130,link,Box culvert,21.0691104,92.2246382,312.0
N1,131,link,Box culvert,21.071666,92.2242216,182.0
N1,132,link,Box culvert,21.0728327,92.2232216,110.0
N1,133,link,Info.Missing,21.0735271,92.2226104,146.0
N1,134,link,Box culvert,21.0745271,92.2220549,259.0
N1,135,link,Box culvert,21.0765549,92.2209993,260.0
N1,136,link,Box culvert,21.077916,92.2189993,59.0
N1,137,link,Box culvert,21.0783327,92.2186382,261.0
N1,138,link,Box culvert,21.0803049,92.2174993,105.0
N1,139,link,Km post missing,21.0811104,92.2169438,333.0
N1,140,link,Box culvert / Box culvert,21.0838608,92.2161111,253.0
N1,141,link,Box culvert,21.0859441,92.2153889,68.0
N1,142,link,Box culvert,21.0864997,92.2151111,346.0
N1,143,link,Km post missing,21.0891941,92.2135,144.0
N1,144,link,Box culvert,21.090333,92.2129444,235.0
N1,145,link,Box culvert,21.0923052,92.2123333,158.0
N1,146,link,Bridge end,21.0936663,92.2119444,36.0
N1,147,bridge,Bridge start,21.0939441,92.2118611,399.0
N1,148,link,Box culvert,21.097333,92.2106111,28.0
N1,149,link,Info.Missing,21.0975552,92.2105,285.0
N1,150,link,Box culvert,21.0996386,92.2091667,220.0
N1,151,link,Box culvert,21.1012778,92.2081389,172.0
N1,152,link,Box culvert,21.1026389,92.2077778,207.0
N1,153,link,Box culvert,21.1043611,92.2075278,120.0
N1,154,link,Box culvert,21.1053611,92.2073889,64.0
N1,155,link,Km post broken,21.1058333,92.20725,70.0
N1,156,link,Box culvert,21.1078333,92.2069444,198.0
N1,157,link,Box culvert,21.1078333,92.2058611,430.0
N1,158,link,Box culvert,21.1090556,92.2045278,315.0
N1,159,link,Box culvert,21.1118611,92.2006389,47.0
N1,160,link,Info.Missing,21.1121111,92.2002778,377.0
N1,161,link,Bridge end,21.1146111,92.1979719,78.0
N1,162,bridge,Bridge start,21.1151667,92.1975552,87.0
N1,163,link,Z1133 Road to Shaplapur,21.1158333,92.1971386,39.0
N1,164,link,Box culvert,21.1161389,92.1969997,51.0
N1,165,link,Box culvert,21.1165,92.1969163,127.0
N1,166,link,Box culvert,21.1175827,92.1966663,193.0
N1,167,link,Box culvert,21.1190827,92.1960274,111.0
N1,168,link,Info.Missing,21.1198604,92.1954719,283.0
N1,169,link,Box culvert,21.1214993,92.1935552,85.0
N1,170,link,Box culvert,21.122166,92.1931941,113.0
N1,171,link,Box culvert,21.1229993,92.1926663,134.0
N1,172,link,Box culvert,21.1239993,92.1919997,41.0
N1,173,link,Box culvert,21.1242771,92.1918886,337.0
N1,174,link,Box culvert,21.1268327,92.1902774,12.0
N1,175,link,Km post missing,21.1269438,92.1902219,666.0
N1,176,link,Box culvert,21.1309716,92.1856941,174.0
N1,177,link,Box culvert,21.1319716,92.1846108,160.0
N1,178,link,Info.Missing,21.1326938,92.183333,97.0
N1,179,link,Box culvert,21.1329438,92.1824438,176.0
N1,180,link,Bridge end,21.1333608,92.1808327,17.0
N1,181,bridge,Bridge start,21.1333886,92.1806938,494.0
N1,182,link,Box culvert,21.1353886,92.1770827,213.0
N1,183,link,Box culvert,21.1363608,92.1755549,32.0
N1,184,link,Info.Missing,21.1363886,92.1752493,128.0
N1,185,link,Bridge end,21.1367219,92.1741382,30.0
N1,186,bridge,Bridge start,21.1368886,92.173916,120.0
N1,187,link,Box culvert,21.1371108,92.1727771,200.0
N1,188,link,Box culvert,21.1372219,92.1708882,271.0
N1,189,link,Box culvert,21.1375552,92.1683049,131.0
N1,190,link,Box culvert,21.137833,92.1671104,123.0
N1,191,link,Info.Missing,21.1379719,92.1659167,116.0
N1,192,link,Box culvert,21.1381108,92.1648611,603.0
N1,193,link,Bridge end,21.1410552,92.1602222,61.0
N1,194,bridge,Bridge start,21.1414997,92.1599167,248.0
N1,195,link,Teknaf 38 km,21.1435274,92.1589722,81.0
N1,196,link,Bridge end,21.1441663,92.1586944,19.0
N1,197,bridge,Bridge start,21.1442774,92.1586389,369.0
N1,198,link,Box culvert,21.147333,92.1574167,538.0
N1,199,link,Info.Missing,21.1507222,92.1545,198.0
N1,200,link,Box culvert,21.1521944,92.1535278,212.0
N1,201,link,Box culvert,21.1537778,92.1528611,217.0
N1,202,link,Box culvert,21.1556389,92.1527778,355.0
N1,203,link,Box culvert,21.1586667,92.1525,73.0
N1,204,link,Box culvert,21.1593056,92.1526111,21.0
N1,205,link,Info.Missing,21.1595,92.1526111,108.0
N1,206,link,Box culvert,21.1604167,92.1525,236.0
N1,207,link,Box Culvert,21.1624722,92.1522778,89.0
N1,208,link,Box culvert,21.16325,92.1522222,195.0
N1,209,link,Bridge end,21.1649444,92.1521944,32.0
N1,210,bridge,Bridge start,21.1652222,92.1521667,253.0
N1,211,link,Box culvert,21.1673327,92.1524167,65.0
N1,212,link,Info.Missing,21.1677216,92.1527778,110.0
N1,213,link,Box culvert,21.168416,92.1532778,155.0
N1,214,link,Bridge end,21.1694993,92.1543056,48.0
N1,215,bridge,Bridge start,21.1698049,92.1545833,243.0
N1,216,link,Box culvert,21.1718327,92.1551389,282.0
N1,217,link,Box culvert,21.1742771,92.1557222,243.0
N1,218,link,Info.Missing,21.1761938,92.1566111,291.0
N1,219,link,Box culvert,21.178666,92.1574722,699.0
N1,220,link,Info.Missing,21.1843052,92.1594167,233.0
N1,221,link,Bridge end,21.185833,92.1609167,23.0
N1,222,bridge,Bridge start,21.1859441,92.1610833,313.0
N1,223,link,Box culvert,21.1866386,92.1638056,457.0
N1,224,link,Info.Missing,21.1897497,92.166666,173.0
N1,225,link,Box culvert,21.1906108,92.167916,261.0
N1,226,link,Bridge end,21.1923052,92.1695271,42.0
N1,227,bridge,Bridge start,21.1925552,92.1697216,484.0
N1,228,link,Box culvert,21.1965552,92.1708604,47.0
N1,229,link,Info.Missing,21.1969441,92.1707493,113.0
N1,230,link,"Z1504, Ukhia Gundum Road",21.1977219,92.1705549,125.0
N1,231,link,Box culvert,21.1989997,92.1703604,248.0
N1,232,link,Box culvert,21.2011389,92.170416,527.0
N1,233,link,Teknaf 46 km,21.2056389,92.1703327,536.0
N1,234,link,Box culvert,21.2096944,92.168416,100.0
N1,235,link,Box culvert,21.2105833,92.1681382,244.0
N1,236,link,Box culvert,21.2127222,92.1678882,128.0
N1,237,link,Teknaf 47km,21.21375,92.1674438,106.0
N1,238,link,Box culvert,21.2142778,92.166666,196.0
N1,239,link,Box culvert,21.2152778,92.1649722,303.0
N1,240,link,Box culvert,21.2165556,92.1626944,400.0
N1,241,link,Info.Missing,21.2198049,92.1618611,528.0
N1,242,link,Box culvert,21.2243327,92.1614444,209.0
N1,243,link,Box culvert,21.2261382,92.1611667,265.0
N1,244,link,Teknaf 50 km,21.2283604,92.1617222,1010.0
N1,245,link,Teknaf 51km,21.236333,92.1586667,998.0
N1,246,link,Teknaf 52 km,21.2357774,92.1511667,980.0
N1,247,link,Teknaf 53 km,21.2412497,92.1440552,302.0
N1,248,link,Bridge end,21.2422219,92.1415552,22.0
N1,249,bridge,Bridge start,21.242333,92.1413608,383.0
N1,250,link,"Z1503, Maricha Dukbanglow road",21.2447497,92.1389441,300.0
N1,251,link,Teknaf 54 km,21.2462219,92.1364719,41.0
N1,252,link,Bridge end,21.2479997,92.1342219,13.0
N1,253,bridge,Bridge start,21.248083,92.1341108,781.0
N1,254,link,Bridge end,21.2504167,92.1307493,90.0
N1,255,bridge,Bridge start,21.2504722,92.1307493,120.0
N1,256,link,Box culvert,21.2521111,92.1287493,17.0
N1,257,link,"Teknaf 55 km,Uthia 1 km",21.2521944,92.1286104,276.0
N1,258,link,Box culvert,21.2537778,92.1266382,250.0
N1,259,link,Box culvert,21.2550278,92.1245827,239.0
N1,260,link,Bridge end,21.2565,92.1229716,13.0
N1,261,bridge,Bridge start,21.2565556,92.122916,224.0
N1,262,link,"Teknaf 56 km,Uthia 2 km",21.2580278,92.1214438,715.0
N1,263,link,Bridge end,21.26225,92.1163056,18.0
N1,264,bridge,Bridge start,21.2623611,92.1161667,234.0
N1,265,link,Bridge end,21.2637222,92.1144722,45.0
N1,266,bridge,Bridge start,21.2639722,92.1141944,14.0
N1,267,link,"Teknaf 57 km,Uthia 3 km",21.2641111,92.1140833,90.0
N1,268,link,Box Culvert,21.2646111,92.1134444,581.0
N1,269,link,Bridge end,21.2677493,92.109,26.0
N1,270,bridge,Bridge start,21.2678604,92.1088333,292.0
N1,271,link,Box culvert,21.2694716,92.1066667,15.0
N1,272,link,"Teknaf 58 km,Uthia 4 km",21.2695827,92.1066111,996.0
N1,273,link,"Teknaf 59 km,Uthia 5 km",21.277666,92.1026111,168.0
N1,274,link,Box culvert,21.2790827,92.1019722,428.0
N1,275,link,Bridge end,21.282666,92.1006944,13.0
N1,276,bridge,Bridge start,21.282777512080536,92.10067986442952,136.0
N1,277,link,Box culvert,21.2839441,92.1005278,275.0
N1,278,link,"Teknaf 60 km,Uthia 6 km",21.2863608,92.1001667,964.0
N1,279,link,"Teknaf 61 km,Uthia 7 km",21.2949163,92.0994163,8.0
N1,280,link,Bridge end,21.2949997,92.0993886,74.0
N1,281,bridge,Bridge start,21.2956386,92.0993886,426.0
N1,282,link,Box culvert,21.2989441,92.0976108,555.0
N1,283,link,"Teknaf 62 km,Uthia 8 km",21.3037778,92.0968052,23.0
N1,284,link,Box culvert,21.3039722,92.0967497,760.0
N1,285,link,"Z1503, Maricha Dakbunglow Road",21.3101667,92.0974997,220.0
N1,286,link,"Teknaf 63 km,Uthia 9 km",21.3120278,92.0969163,24.0
N1,287,link,Bridge end,21.3121944,92.0966941,52.0
N1,288,bridge,Bridge start,21.3125,92.096333,713.0
N1,289,link,Road to Ramu(Z1009),21.317666,92.0930274,82.0
N1,290,link,Bridge end,21.3177771,92.0922497,20.0
N1,291,bridge,Bridge start,21.3179438,92.0921663,115.0
N1,292,link,Km post broken,21.3187493,92.0916108,337.0
N1,293,link,Box culvert,21.3207493,92.0893052,510.0
N1,294,link,Bridge end,21.3238049,92.0857219,55.0
N1,295,bridge,Bridge start,21.3241104,92.085333,106.0
N1,296,link,"Teknaf 65 km,Uthia 11 km",21.324666,92.084583,829.0
N1,297,link,Bridge end,21.3295271,92.0789438,32.0
N1,298,bridge,Khulna Plong Bridge,21.3297771,92.0787771,158.0
N1,299,link,"Teknaf 66 km,Uthia 12 km",21.3311104,92.0788604,164.0
N1,300,link,Box culvert,21.3324716,92.0790827,657.0
N1,301,link,Box culvert,21.3381941,92.078916,268.0
N1,302,link,"Teknaf 67 km,Uthia 13 km",21.3404997,92.0784993,123.0
N1,303,link,Box culvert,21.3414997,92.0788327,535.0
N1,304,link,Bridge end,21.3461386,92.0789993,26.0
N1,305,bridge,Bridge start,21.3463608,92.0790271,312.0
N1,306,link,"Teknaf 68 km,Uthia 14 km",21.3490552,92.0784716,417.0
N1,307,link,Box culvert,21.3526667,92.0783327,305.0
N1,308,link,Box culvert,21.35525,92.0790827,125.0
N1,309,link,Box culvert,21.3563333,92.0790827,96.0
N1,310,link,Box culvert,21.3571944,92.0791104,64.0
N1,311,link,"Teknaf 69 km,Uthia 15 km",21.35775,92.0790271,44.0
N1,312,link,Box culvert,21.3580833,92.0790271,428.0
N1,313,link,Box culvert,21.3615,92.0806382,341.0
N1,314,link,Box culvert,21.3644167,92.081416,151.0
N1,315,link,Box culvert,21.3657222,92.0812771,64.0
N1,316,link,"Teknaf 70 km,Uthia 16 km",21.3662778,92.0810549,84.0
N1,317,link,Box culvert,21.3669438,92.0807771,134.0
N1,318,link,Box culvert,21.3678882,92.0803327,262.0
N1,319,link,Box culvert,21.3698327,92.0796104,206.0
N1,320,link,Box culvert,21.3714993,92.0785549,229.0
N1,321,link,Box culvert,21.3731938,92.0773327,83.0
N1,322,link,Box culvert,21.3736938,92.0768327,158.0
N1,323,link,"Teknaf 71km, Ukhia 17km",21.3742493,92.0756938,16.0
N1,324,link,Box culvert,21.3742493,92.0755271,173.0
N1,325,link,Box culvert,21.3745549,92.0739716,65.0
N1,326,link,Box culvert,21.3747771,92.0734993,115.0
N1,327,link,Box culvert,21.3752493,92.0727771,165.0
N1,328,link,Box culvert,21.3762216,92.0718049,182.0
N1,329,link,Box culvert,21.3773882,92.0706104,39.0
N1,330,link,Box culvert,21.3775827,92.0703604,154.0
N1,331,link,Box culvert,21.378916,92.0703327,91.0
N1,332,link,"Teknaf 72 km,Uthia 18 km",21.3796104,92.0706104,179.0
N1,333,link,Box culvert,21.3811104,92.0710827,30.0
N1,334,link,Box culvert,21.3813049,92.0710827,168.0
N1,335,link,Box culvert,21.3826938,92.0710271,152.0
N1,336,link,Box culvert,21.3839441,92.0705827,76.0
N1,337,link,Box culvert,21.384583,92.0704993,153.0
N1,338,link,Box culvert,21.3858886,92.0704438,176.0
N1,339,link,Box culvert,21.3873052,92.0697771,148.0
N1,340,link,"Teknaf 73 km, Ukhia 19km",21.3885274,92.0692771,57.0
N1,341,link,Bridge end,21.3889441,92.0688049,18.0
N1,342,bridge,Bridge start,21.3891108,92.0686938,484.0
N1,343,link,Box culvert,21.393333,92.068166,435.0
N1,344,link,"Teknaf 74 km,Uthia 20 km",21.3969719,92.066916,19.0
N1,345,link,Box culvert,21.3971663,92.0668882,166.0
N1,346,link,Bridge end,21.398583,92.0665833,15.0
N1,347,bridge,Bridge start,21.3986941,92.0665556,263.0
N1,348,link,Box culvert,21.4008889,92.0658611,481.0
N1,349,link,Box culvert,21.4039167,92.0628333,157.0
N1,350,link,Km post missing,21.4040556,92.0619722,268.0
N1,351,link,Box culvert,21.4058611,92.0594167,293.0
N1,352,link,Box culvert,21.4067222,92.0570556,169.0
N1,353,link,Box culvert,21.4079722,92.056,210.0
N1,354,link,"Teknaf 75 km,Uthia 21 km",21.4090833,92.05475,180.0
N1,355,link,Box culvert,21.4094167,92.0531944,273.0
N1,356,link,Box culvert,21.4103333,92.0508333,325.0
N1,357,link,Box culvert,21.41025,92.0480552,243.0
N1,358,link,"Teknaf 76 km,Uthia 22 km",21.4101111,92.0458052,57.0
N1,359,link,Box culvert,21.4103056,92.0453052,163.0
N1,360,link,Bridge end,21.4111667,92.0441108,48.0
N1,361,bridge,Bridge start,21.4115,92.0438052,172.0
N1,362,link,Box culvert,21.4120556,92.039583,367.0
N1,363,link,Box culvert,21.4135833,92.0393886,235.0
N1,364,link,"Teknaf 77 km,Uthia 23 km",21.4150556,92.037833,135.0
N1,365,link,Box culvert,21.4156389,92.0367219,182.0
N1,366,link,Box culvert,21.4165,92.0353052,449.0
N1,367,link,Box culvert,21.4191104,92.032416,266.0
N1,368,link,"Teknaf 78 km,Uttia 24 km",21.4199716,92.0302493,326.0
N1,369,link,Box culvert,21.4220827,92.0278604,71.0
N1,370,link,Box culvert,21.4225549,92.0274438,582.0
N1,371,link,Teknaf 79 km,21.4258049,92.0232493,13.0
N1,372,link,"N110,Link road-Cox' Bazar, (Labonir more)",21.4258604,92.023166,65.0
N1,373,link,Box culvert,21.4262493,92.0235827,613.0
N1,374,link,Box culvert,21.4298882,92.0279716,46.0
N1,375,link,"Cox,s Bazar 9 km",21.430166,92.0283604,106.0
N1,376,link,Box culvert,21.430416,92.0293049,133.0
N1,377,link,Bridge end,21.4300827,92.0304716,141.0
N1,378,bridge,Bridge start,21.4294438,92.0316104,362.0
N1,379,link,Box culvert,21.4289716,92.0348608,224.0
N1,380,link,"Cox,s Bazar 10 km",21.4296938,92.0368608,254.0
N1,381,link,Box culvert,21.4298049,92.0392774,500.0
N1,382,link,Box culvert,21.4295549,92.044083,234.0
N1,383,link,"Cox,s Bazar 11 km",21.4287771,92.0461941,272.0
N1,384,link,Bridge end,21.4275271,92.0483886,18.0
N1,385,bridge,Bridge start,21.4274993,92.0484441,463.0
N1,386,link,Box culvert,21.4280549,92.0529444,232.0
N1,387,link,"Cox,s Bazar 12 km",21.4280827,92.0551389,29.0
N1,388,link,Box culvert,21.4280549,92.0554167,238.0
N1,389,link,Box culvert,21.4278882,92.0576667,337.0
N1,390,link,Box culvert,21.4273327,92.0608333,263.0
N1,391,link,Box culvert,21.4270827,92.0632778,131.0
N1,392,link,Cox's Bazar 13km,21.4276938,92.0643611,739.0
N1,393,link,Box culvert,21.427416,92.0707216,261.0
N1,394,link,"Cox,s Bazar 14 km",21.4267216,92.0730827,404.0
N1,395,link,Box culvert,21.4264716,92.0767771,384.0
N1,396,link,Box culvert,21.4267771,92.0804716,176.0
N1,397,link,"Cox,s Bazar 15 km",21.4269716,92.0821104,207.0
N1,398,link,Box culvert,21.4271104,92.084083,561.0
N1,399,link,Bridge end,21.4278882,92.0893886,25.0
N1,400,bridge,Bridge start,21.427916,92.0896108,191.0
N1,401,link,"Cox,s Bazar 16 km",21.4281104,92.0914719,284.0
N1,402,link,Box culvert,21.4283604,92.0941663,113.0
N1,403,link,Ramu old Section (N109),21.4284993,92.0951941,79.0
N1,404,link,Box culvert,21.4290271,92.0954997,229.0
N1,405,link,Box culvert,21.4310271,92.0961941,285.0
N1,406,link,"Cox,s Bazar 17 km",21.4334441,92.0969997,149.0
N1,407,link,Box culvert,21.434583,92.0973886,344.0
N1,408,link,Box culvert,21.4375552,92.0984997,467.0
N1,409,link,"Cox,s Bazar 18 km",21.4413608,92.1003611,62.0
N1,410,link,Bridge end,21.4417497,92.1006667,56.0
N1,411,bridge,Bridge start,21.4421663,92.1008611,224.0
N1,412,link,Box culvert,21.443833,92.1014167,598.0
N1,413,link,"Z1001, Road to Naikkongchhari",21.4494719,92.0995274,57.0
N1,414,link,"Cox,s Bazar 19 km",21.4496108,92.0994997,222.0
N1,415,link,Box culvert,21.4512778,92.0994441,422.0
N1,416,link,Box culvert,21.4545,92.10075,380.0
N1,417,link,"Cox,s Bazar 20 km",21.4564722,92.1038056,969.0
N1,418,link,"Cox,s Bazar 21 km",21.4635833,92.1029167,367.0
N1,419,link,Box culvert,21.4667216,92.1025,534.0
N1,420,link,Bridge end,21.4708049,92.1002222,59.0
N1,421,bridge,Bridge start,21.4712216,92.0998886,21.0
N1,422,link,"Cox,s Bazar 22 km",21.4713604,92.0997497,522.0
N1,423,link,Box culvert,21.4750549,92.0971663,250.0
N1,424,link,Box culvert,21.4767771,92.0957497,358.0
N1,425,link,Cox.s Bazar 23 km,21.4793604,92.0938886,700.0
N1,426,link,Box culvert,21.4851386,92.091333,274.0
N1,427,link,"Cox,s Bazar 24 km",21.4870274,92.0898052,986.0
N1,428,link,"Cox,s Bazar 25 km",21.4901941,92.0818049,905.0
N1,429,link,Box culvert,21.4964441,92.077166,48.0
N1,430,link,Cox's Bazar 26km,21.4968608,92.0769438,89.0
N1,431,link,Box culvert,21.4974719,92.0765549,911.0
N1,432,link,Cox's Bazar 27km,21.505,92.0745549,284.0
N1,433,link,Box culvert,21.5069722,92.072916,204.0
N1,434,link,Box culvert,21.5083889,92.0717493,512.0
N1,435,link,Cox.s Bazar 28 km,21.5125556,92.0699438,27.0
N1,436,link,Box culvert,21.5126944,92.0698604,424.0
N1,437,link,Box culvert,21.5161111,92.068166,555.0
N1,438,link,"Cox,s Bazar 29 km",21.520666,92.0661667,162.0
N1,439,link,Box culvert,21.5220827,92.0658611,139.0
N1,440,link,Bridge end,21.5233049,92.0656389,20.0
N1,441,bridge,Bridge start,21.5234716,92.0656111,344.0
N1,442,link,Box culvert,21.5264716,92.0651944,212.0
N1,443,link,Box culvert,21.5283049,92.0650833,33.0
N1,444,link,Cox.s Bazar 30 km,21.5294993,92.0650278,1016.0
N1,445,link,Cox's Bazar 31km,21.538333,92.0639722,887.0
N1,446,link,"Cox,s Bazar 32 km",21.546583,92.0668327,183.0
N1,447,link,Bridge end,21.548083,92.0670271,46.0
N1,448,bridge,Bridge start,21.5484719,92.0670827,423.0
N1,449,link,Bridge end,21.5548889,92.0678049,52.0
N1,450,bridge,Bridge start,21.5553056,92.067916,196.0
N1,451,link,"Cos,x Bazar 33 km",21.5555,92.0679716,746.0
N1,452,link,Box Culvert,21.5608333,92.0692771,121.0
N1,453,link,Box Culvert,21.5618056,92.0696382,135.0
N1,454,link,"Cox,s Bazar 34 km",21.5629444,92.0700271,326.0
N1,455,link,Box Culvert,21.564,92.0702493,694.0
N1,456,link,"Cox,s Bazar 35 km",21.5717216,92.0718049,841.0
N1,457,link,Box culvert,21.5769993,92.0697216,129.0
N1,458,link,Cox's Bazar 36 km,21.5791938,92.0668049,731.0
N1,459,link,Box culvert,21.584833,92.0652222,168.0
N1,460,link,Box culvert,21.5861941,92.0650278,100.0
N1,461,link,"Cox,s Bazar 37 km",21.5875274,92.0650278,504.0
N1,462,link,Box culvert,21.588583,92.0633056,326.0
N1,463,link,Box culvert,21.59379884019608,92.06161870980392,82.0
N1,464,link,Cox's Bazar 38km,21.5951108,92.0611944,602.0
N1,465,link,Box culvert,21.5977219,92.0617778,341.0
N1,466,link,Box culvert,21.603029505025123,92.061920540201,57.0
N1,467,link,"Cox,s Bazar 39 km",21.6039167,92.0619444,797.0
N1,468,link,Box culvert,21.6073056,92.0624167,180.0
N1,469,link,Box culvert,21.610086825,92.06399479375,140.0
N1,470,link,"Cox,s Bazar 40 km",21.61225,92.0652222,115.0
N1,471,link,"Z1131, Kutakhali-Maheshkhali",21.6150556,92.0667771,59.0
N1,472,link,Bridge end,21.6167771,92.0678049,51.0
N1,473,bridge,Bridge start,21.617166,92.0679993,399.0
N1,474,link,Cox's Bazar 41km,21.6197771,92.0705271,266.0
N1,475,link,Box culvert,21.6213604,92.0724438,734.0
N1,476,link,"Cox,s Bazar 42 km",21.6259716,92.0773882,1028.0
N1,477,link,"Cox,s Bazar 43 km",21.634833,92.0770271,1018.0
N1,478,link,"Cox,s Bazar 44 km",21.6428608,92.0732216,447.0
N1,479,link,Box culvert,21.6468052,92.0733604,251.0
N1,480,link,Box culvert,21.649083,92.0733049,18.0
N1,481,link,Bridge end,21.6491941,92.0733049,62.0
N1,482,bridge,Bridge start,21.6497219,92.0733049,237.0
N1,483,link,"Cox,s Bazar 45 km",21.6518056,92.0737771,784.0
N1,484,link,Bridge end,21.653,92.0751382,56.0
N1,485,bridge,Bridge start,21.6590556,92.0751382,176.0
N1,486,link,"Cox,s Bazar 46 km",21.6606111,92.0750827,143.0
N1,487,link,Box culvert,21.6618889,92.074916,766.0
N1,488,link,Road to Garzania (Z1130),21.6688327,92.0759438,96.0
N1,489,link,"Cox,s Bazar 47 km",21.6695549,92.0760549,34.0
N1,490,link,Box culvert,21.6704438,92.0762771,423.0
N1,491,link,Bridge end,21.6742216,92.0765549,62.0
N1,492,bridge,Bridge start,21.6747493,92.0766104,417.0
N1,493,link,Cox's Bazar 48 km,21.678416,92.0770827,1000.0
N1,494,link,Cox's Bazar 49km,21.6868608,92.0800827,1012.0
N1,495,link,Cox's Bazar 50km,21.6957497,92.0805827,698.0
N1,496,link,Box culvert,21.7013611,92.0783882,310.0
N1,497,link,"Cox,s Bazar 51 km",21.7040556,92.0788604,489.0
N1,498,link,Box culvert,21.7080278,92.0800549,527.0
N1,499,link,"Cox,s Bazar 52 km",21.7120833,92.0821104,613.0
N1,500,link,Pipe Culvert,21.7169438,92.0824993,420.0
N1,501,link,Cox's Bazar 53km,21.7204716,92.0822493,148.0
N1,502,link,Road to Alikadam(Z1005),21.7215549,92.0830827,163.0
N1,503,link,Box culvert,21.7229438,92.0834719,689.0
N1,504,link,"Cox,s Bazar 54 km",21.7290271,92.0838608,69.0
N1,505,link,Bridge end,21.7296382,92.083833,39.0
N1,506,bridge,Bridge start,21.7299993,92.083833,181.0
N1,507,link,Box culvert,21.7315827,92.0838052,680.0
N1,508,link,Box culvert,21.7376386,92.0834719,51.0
N1,509,link,Cox's Bazar 55 km,21.738083,92.0834163,141.0
N1,510,link,Box culvert,21.7392497,92.0828604,865.0
N1,511,link,"Cox,s Bazar 56 km",21.7466386,92.080916,1002.0
N1,512,link,"Cox,s Bazar 57 km",21.7546944,92.0770271,553.0
N1,513,link,Road to Badarkhali (R172),21.7596389,92.0764993,575.0
N1,514,link,Km post missing,21.7646389,92.075916,236.0
N1,515,link,Road to Tuabazar (Z1127),21.7664722,92.0767771,429.0
N1,516,link,Bridge end,21.7693327,92.079416,311.0
N1,517,bridge,Bridge start,21.7711938,92.0816382,24.0
N1,518,link,"Cox,s Bazar 59 km",21.7713049,92.0818327,293.0
N1,519,link,Box culvert,21.7732771,92.0837219,135.0
N1,520,link,Intersection with Z1126,21.7737216,92.0840552,195.0
N1,521,link,Box culvert,21.7758049,92.0851108,225.0
N1,522,link,Box culvert,21.7776382,92.0843886,80.0
N1,523,link,"Cox,s Bazar 60 km",21.7782493,92.0840552,819.0
N1,524,link,Box culvert,21.7836941,92.0792771,180.0
N1,525,link,"Cox,s Bazar 61 km",21.7853052,92.079166,138.0
N1,526,link,Box culvert,21.7864997,92.0790271,100.0
N1,527,link,Box culvert,21.7873886,92.0788882,775.0
N1,528,link,"Cox,s Bazar 62 km",21.7941941,92.0783882,993.0
N1,529,link,"Cox,s Bazar 63 km",21.8029167,92.0772771,10.0
N1,530,link,Bridge end,21.8030278,92.0772771,15.0
N1,531,bridge,Bridge start,21.8031389,92.0772493,156.0
N1,532,link,Road to Paharchanda(Z1002),21.8045278,92.077166,844.0
N1,533,link,Cox.s Bazar 64 km,21.8119444,92.0776382,831.0
N1,534,link,Box culvert,21.8179716,92.073916,181.0
N1,535,link,Cox's Bazar 65km,21.8195271,92.0741382,149.0
N1,536,link,Box culvert,21.8208882,92.0741104,517.0
N1,537,link,Bridge end,21.8252771,92.0725549,48.0
N1,538,bridge,Bridge start,21.8256938,92.0723882,294.0
N1,539,link,Cox's Bazar 66 km,21.8280827,92.0712771,482.0
N1,540,link,Road to Paharchaanda(Z1125),21.8322216,92.0689993,171.0
N1,541,link,Box culvert,21.8336663,92.0684438,314.0
N1,542,link,"Cox,s Bazar 67 km",21.8363052,92.067416,482.0
N1,543,link,Box culvert,21.8399719,92.0651389,322.0
N1,544,link,Box culvert,21.842583,92.0638611,213.0
N1,545,link,"Cox,s Bazar 68 km",21.8441386,92.0628056,765.0
N1,546,link,Box culvert,21.8505,92.0609444,229.0
N1,547,link,Box culvert,21.8526111,92.0609722,21.0
N1,548,link,"Cox,s Bazar 69 km",21.85275,92.0609722,724.0
N1,549,link,Bridge end,21.8592222,92.0604444,59.0
N1,550,bridge,Bridge start,21.8597222,92.0602778,222.0
N1,551,link,Km post missing,21.8616389,92.0596111,93.0
N1,552,link,Box culvert,21.8625,92.0595,907.0
N1,553,link,Info.Missing,21.8704993,92.0591389,501.0
N1,554,link,Box culvert,21.874916,92.0591111,508.0
N1,555,link,Cox's Bazar 72 km,21.879416,92.0590833,179.0
N1,556,link,Box culvert,21.8810271,92.0589722,833.0
N1,557,link,"Cox,s Bazar 73 km",21.8883886,92.0600833,282.0
N1,558,link,Box culvert,21.8908886,92.0596667,661.0
N1,559,link,Road to Toitong (Z1124),21.89646793301105,92.06108684571824,63.0
N1,560,link,"Cox,s Bazar 74 km",21.8969997,92.0612222,565.0
N1,561,link,Road to Lama(Z1007),21.9031667,92.0611667,308.0
N1,562,link,"Cox,s Bazar 75 km",21.9059444,92.0609167,270.0
N1,563,link,Box culvert,21.9083889,92.0605278,511.0
N1,564,link,Box culvert,21.9128611,92.0606667,223.0
N1,565,link,"Cox,s Bazar 76 km",21.9148333,92.0604722,147.0
N1,566,link,Box culvert,21.9160833,92.0601389,303.0
N1,567,link,Box culvert,21.9177216,92.0597778,585.0
N1,568,link,"Cox,s Bazar 77 km/Start of Cox's Bazar Road Division. / Cox,s Bazar 77 km/Start of Cox's Bazar Road Division.",21.9235827,92.0585,673.0
N1,569,link,Box culvert,21.9296104,92.0592778,264.0
N1,570,link,Box culvert,21.931666,92.0603611,78.0
N1,571,link,"Cox,s Bazar 78 km",21.9322216,92.06075,157.0
N1,572,link,Box culvert,21.9333608,92.0614167,253.0
N1,573,link,Box culvert,21.9354441,92.0623056,615.0
N1,574,link,Km post missing,21.940583,92.0643889,539.0
N1,575,link,Box culvert,21.9446663,92.0668049,461.0
N1,576,link,Info.Missing,21.9489441,92.0675271,303.0
N1,577,link,Bridge end,21.9514444,92.0678604,21.0
N1,578,bridge,Bridge start,21.9516111,92.0678604,521.0
N1,579,link,Box culvert,21.9569167,92.0673327,85.0
N1,580,link,Km post missing,21.9578333,92.0665833,352.0
N1,581,link,Box culvert,21.9590833,92.0653889,372.0
N1,582,link,Bridge end,21.9618611,92.0634444,21.0
N1,583,bridge,Bridge start,21.9620278,92.0633611,255.0
N1,584,link,Km post missing,21.9654167,92.0625556,265.0
N1,585,link,Box culvert,21.967666,92.0635,564.0
N1,586,link,Road to Banskhali (R171),21.9720827,92.0657222,171.0
N1,587,link,"Cox,s Bazar 83 km,Chokaria 25 km",21.9729438,92.0670827,1017.0
N1,588,link,"Cox,s Bazar 88 km,Chowria 27 km",21.9781104,92.0739993,133.0
N1,589,link,Box culvert,21.9789716,92.0747493,342.0
N1,590,link,Box culvert,21.9798882,92.0778327,254.0
N1,591,link,Bridge end,21.9810549,92.0799438,25.0
N1,592,bridge,Bridge start,21.9811104,92.0800271,265.0
N1,593,link,"Cox,s Bazar 87 km,Chokaria 27 km",21.9829716,92.0817771,389.0
N1,594,link,Bridge end,21.9860552,92.0834441,24.0
N1,595,bridge,Bridge start,21.9862219,92.0835274,406.0
N1,596,link,Box culvert,21.9893886,92.085333,160.0
N1,597,link,"Cox,s Bazar 86 km,Chokaria 28 km",21.9907219,92.0858608,19.0
N1,598,link,Bridge end,21.9908886,92.0859163,60.0
N1,599,bridge,Bridge start,21.9913886,92.086083,434.0
N1,600,link,Box culvert,21.9950552,92.0872774,17.0
N1,601,link,Box culvert,21.9951108,92.0873608,547.0
N1,602,link,"Cox,s Bazar 87 km",21.999833,92.0879997,16.0
N1,603,link,Box culvert,21.9999441,92.0880274,540.0
N1,604,link,Box culvert,22.0039167,92.0904163,465.0
N1,605,link,"Cox,s Bazar 92 km,Lohagra 0 km",22.0074167,92.0924997,49.0
N1,606,link,Box culvert,22.0077222,92.0927497,930.0
N1,607,link,"Cox,s Bazar 93 km,Lohagora 6 km",22.0153056,92.094833,923.0
N1,608,link,Box culvert,22.0205549,92.1015,14.0
N1,609,link,"Cox,s Bazar 94 km,Lohaona 1 km",22.020666,92.1015556,899.0
N1,610,link,Bridge end,22.0283327,92.1031944,19.0
N1,611,link,Km post missing,22.0284438,92.1032778,55.0
N1,612,link,Bridge start,22.028916,92.1035556,378.0
N1,613,link,Box culvert,22.0320827,92.1041667,567.0
N1,614,link,"Cox.s Bazar 96 km,Lohaona 3 km",22.037083,92.1039722,97.0
N1,615,link,Box culvert,22.0379163,92.104,695.0
N1,616,link,Km post missing,22.0434441,92.1063056,136.0
N1,617,link,Box culvert,22.0443052,92.1073056,95.0
N1,618,link,Road to Tonkabati (Z1013),22.0449719,92.1078333,439.0
N1,619,link,Box culvert,22.0486386,92.1082222,330.0
N1,620,link,Km post missing,22.0516944,92.1090278,62.0
N1,621,link,Box culvert,22.0522778,92.1091111,515.0
N1,622,link,Box culvert,22.0568611,92.1090833,423.0
N1,623,link,Km post missing,22.0604722,92.1078611,9.0
N1,624,link,Box culvert,22.0605556,92.1078056,380.0
N1,625,link,Bridge end,22.0638611,92.1070833,45.0
N1,626,bridge,Bridge start,22.0641667,92.107,566.0
N1,627,link,"Cox,s Bazar 100 km,Pasra 2 km",22.0686938,92.10525,177.0
N1,628,link,Bridge end,22.0698049,92.104,33.0
N1,629,bridge,Bridge start,22.0699438,92.1038333,704.0
N1,630,link,Km post missing,22.0752216,92.1001944,700.0
N1,631,link,Box culvert,22.081166,92.0982774,300.0
N1,632,link,"Cox,s Bazar 102 km,Pasha 3 km",22.0826104,92.0958886,418.0
N1,633,link,Box culvert,22.0844441,92.0924997,546.0
N1,634,link,"Cox,s Bazar 103 km,Pasea 5 km",22.0876941,92.088583,956.0
N1,635,link,"Cox,s Bazar 104 km",22.092833,92.0812493,222.0
N1,636,link,Box culvert,22.0942219,92.0798604,612.0
N1,637,link,Km post missing,22.097583,92.0752216,30.0
N1,638,link,Road to Satkaria (Z1019),22.0977497,92.0750271,250.0
N1,639,link,Box culvert,22.0993052,92.0743604,112.0
N1,640,link,Road to Bandarban(N108),22.1021667,92.0740549,558.0
N1,641,link,Km post missing,22.1062222,92.0738049,718.0
N1,642,link,Box culvert,22.1133056,92.0726938,282.0
N1,643,link,Km post missing,22.1151944,92.072416,601.0
N1,644,link,Box culvert,22.1208049,92.0719438,389.0
N1,645,link,Box culvert,22.123666,92.0716382,10.0
N1,646,link,Info.Missing,22.1240271,92.0715827,485.0
N1,647,link,Bridge end,22.1282771,92.070916,31.0
N1,648,bridge,Bridge start,22.1285271,92.0708604,224.0
N1,649,link,Bridge end,22.1304716,92.0704993,61.0
N1,650,bridge,Bridge start,22.1308049,92.070416,119.0
N1,651,link,"Cox,s Bazar 109 km",22.1320549,92.0701938,161.0
N1,652,link,Box Culvert,22.1334441,92.0700827,501.0
N1,653,link,Box Culvert,22.1379163,92.0698882,303.0
N1,654,link,Keranirhat 4 km,22.1406663,92.0697771,951.0
N1,655,link,"Cox,s Bazar 111 km,Kasherhat 5 km",22.1491386,92.0696104,206.0
N1,656,link,Bridge end,22.1508889,92.069666,9.0
N1,657,bridge,Bridge start,22.1509722,92.0696938,664.0
N1,658,link,Km post missing,22.156,92.0701104,268.0
N1,659,link,Bridge end,22.1580556,92.0686104,217.0
N1,660,bridge,Bridge start,22.1596667,92.0674716,515.0
N1,661,link,Km post missing,22.1629722,92.0641944,1000.0
N1,662,link,Km post missing,22.1652222,92.0548889,1000.0
N1,663,link,Km post missing,22.1735827,92.0534167,179.0
N1,664,link,Box culvert,22.1750827,92.0528611,821.0
N1,665,link,Info.Missing,22.1822771,92.0513889,1013.0
N1,666,link,Info.Missing,22.1897497,92.046583,313.0
N1,667,link,Road to Barma (Z1036),22.1917219,92.0453608,700.0
N1,668,link,Info.Missing,22.1977774,92.0433886,1094.0
N1,669,link,Km post missing,22.2054167,92.0380274,105.0
N1,670,link,Bridge end,22.2058889,92.0371386,12.0
N1,671,bridge,Bridge start,22.2059444,92.0370274,286.0
N1,672,link,Bridge end,22.2080278,92.0357774,55.0
N1,673,bridge,Bridge start,22.2084444,92.0356663,542.0
N1,674,link,Km post missing,22.2116111,92.0318049,237.0
N1,675,link,Road To Dhupchheri (Z1026),22.2131389,92.0304993,515.0
N1,676,link,Box culvert,22.2170549,92.0281382,248.0
N1,677,link,Km post missing,22.2192493,92.0278882,539.0
N1,678,link,Box culvert,22.2240271,92.0270827,437.0
N1,679,link,Bridge end,22.2277771,92.0259438,12.0
N1,680,bridge,Bridge start,22.2278882,92.025916,12.0
N1,681,link,Info.Missing,22.227916,92.0258882,216.0
N1,682,link,Bridge end,22.2315827,92.0249438,14.0
N1,683,bridge,Bridge start,22.2316938,92.0248882,179.0
N1,684,link,Box culvert,22.2327771,92.0245549,385.0
N1,685,link,Info.Missing,22.236083,92.0234716,139.0
N1,686,link,Box culvert,22.2371941,92.0230549,479.0
N1,687,link,Box culvert,22.2410552,92.0215271,602.0
N1,688,link,Km post missing,22.2449997,92.019166,657.0
N1,689,link,Box culvert,22.249333,92.0152778,343.0
N1,690,link,Km post missing,22.2517222,92.0133333,329.0
N1,691,link,Box culvert,22.2538611,92.01125,268.0
N1,692,link,Box culvert,22.2557222,92.0096111,403.0
N1,693,link,Km post missing,22.259,92.0081389,126.0
N1,694,link,Box Culvert,22.2600833,92.0075556,234.0
N1,695,link,Bridge end,22.26210145564516,92.00708382580645,14.0
N1,696,bridge,Bridge start,22.2622222,92.0070556,626.0
N1,697,link,Km post missing,22.2676104,92.0058056,516.0
N1,698,link,Box culvert,22.2722493,92.0055278,270.0
N1,699,link,Box culvert,22.2745827,92.0053056,214.0
N1,700,link,Info.Missing,22.2761938,92.0043889,925.0
N1,701,link,Box Culvert,22.2820549,91.9986663,270.0
N1,702,link,Km post missing,22.2836386,91.9967497,600.0
N1,703,link,Road to Chandnaisa(Z1039),22.2862497,91.9916941,25.0
N1,704,link,Bridge end,22.2863052,91.991583,72.0
N1,705,bridge,Bridge start,22.286583,91.9911108,303.0
N1,706,link,Km post missing,22.2878052,91.9883886,773.0
N1,707,link,Road to Anowara (R170),22.291833,91.9823327,21.0
N1,708,link,Box culvert,22.292083,91.9822493,146.0
N1,709,link,Road to Haidgaon (Z1057),22.2933608,91.9821104,60.0
N1,710,link,Km post missing,22.2934997,91.9816382,266.0
N1,711,link,Road to Boalkhali (Z1059),22.295333,91.9803049,166.0
N1,712,link,Slab Culvert,22.2956941,91.9787493,568.0
N1,713,link,Km post missing,22.2979441,91.973916,1000.0
N1,714,link,Km post missing,22.3009167,91.9648889,22.0
N1,715,link,Bridge end,22.3009444,91.9646667,52.000000000029104
N1,716,bridge,Bridge start,22.3010278,91.9641667,925.9999999999709
N1,717,link,Km post missing,22.3025,91.9553889,1000.0
N1,718,link,Info.Missing,22.3067222,91.9491941,392.9999999999709
N1,719,link,Box culvert,22.3098611,91.9477219,618.0
N1,720,link,Km post missing,22.3136389,91.9438886,1000.0
N1,721,link,Km post missing,22.31375,91.9345274,250.0
N1,722,link,Box culvert,22.3137778,91.9322216,750.0
N1,723,link,Km post missing,22.3155556,91.9253882,190.0
N1,724,link,Road to Kalurghat (N107),22.3158889,91.9235827,121.0000000000291
N1,725,link,Box culvert,22.3156389,91.9224993,521.0000000000291
N1,726,link,Box culvert,22.3124722,91.9188327,167.9999999999709
N1,727,link,Box culvert,22.3114167,91.9176382,273.0
N1,728,link,Road to Kaliganj (Z1070),22.3096944,91.91575,424.0
N1,729,link,Box culvert,22.3070556,91.9128056,303.0
N1,730,link,"Cox,s Bazar 135 km,Patiya 10 km",22.3053611,91.9106389,872.0
N1,731,link,Box culvert,22.3029722,91.9025,103.0
N1,732,link,"Cox,s Bazar 136 km,Patiya 11 km",22.3027222,91.9015556,454.0
N1,733,link,Box culvert,22.3015833,91.897333,173.0
N1,734,link,Cox's Bazar 137 km,22.3005833,91.892833,441.0
N1,735,link,Road to Kaliganj (Z1071),22.3,91.8915552,559.0
N1,736,link,Cox's Bazar 138 km,22.2985552,91.886333,689.0
N1,737,link,Box Culvert,22.2983886,91.885583,263.0
N1,738,link,Bridge end,22.2951108,91.8781104,54.0
N1,739,link,Cox's Bazar 139 km,22.2949163,91.877666,67.0
N1,740,link,Bridge start,22.2946386,91.8770827,262.0
N1,741,link,Box culvert,22.293583,91.8748604,447.0
N1,742,link,Box culvert,22.2916108,91.8711382,170.0
N1,743,link,Road to Arowana (Z1018),22.2916663,91.8696382,51.0
N1,744,link,Cox's Bazar 140km,22.2919441,91.8693327,427.0
N1,745,link,Box culvert,22.2950274,91.8671938,568.0
N1,746,link,Cox's Bazar 141km,22.2998886,91.8655833,293.0
N1,747,link,Box culvert,22.3021667,91.8639444,309.0
N1,748,link,Box culvert,22.3043056,91.8621667,400.0
N1,749,link,Cox's Bazar 142 km,22.3071944,91.8598611,147.0
N1,750,link,Box culvert,22.30825,91.8589722,327.0
N1,751,link,Road to Balakkhati (Z1065),22.3106111,91.8570833,30.0
N1,752,link,Road to BFDC Fisharies (Z1804) /Start of Dohazari Road Division. / Road to BFDC Fisharies (Z1804) /Start of Dohazari Road Division.,22.3108333,91.8570278,496.0
N1,753,link,"Cox,s Bazar 143 km,Patiya 16 km",22.3148889,91.8553889,45.0
N1,754,link,Bridge end,22.3152222,91.8553333,16.0
N1,755,link,Bridge start,22.3153611,91.8553056,702.0
N1,756,bridge,Bridge end,22.3212771,91.8536111,178.0
N1,757,link,Km post missing,22.3228327,91.8535556,791.0
N1,758,link,Shah Amanath (Karnaphuli) Bridge,22.3297493,91.8521111,209.0
N1,759,link,Km post missing,22.3314716,91.8515556,776.0
N1,760,link,Bridge end,22.3370274,91.8545278,47.0
N1,761,bridge,Bridge start,22.3373886,91.8542778,80.0
N1,762,link,Bridge end,22.3380274,91.8538889,45.0
N1,763,bridge,Bridge start,22.338362487628867,91.853695585567,52.0
N1,764,link,Km post missing,22.3387497,91.8534722,407.0
N1,765,link,Bridge end,22.3423608,91.8530833,44.0
N1,766,bridge,Bridge start,22.3427219,91.8531389,549.0
N1,767,link,Km post missing,22.3473886,91.8519444,915.0
N1,768,link,Bridge end,22.3553889,91.8530556,14.0
N1,769,bridge,Bridge start,22.3555,91.8530833,71.0
N1,770,link,Km post missing,22.3561111,91.8531667,831.0
N1,771,link,Box culvert,22.3632778,91.8514722,169.0
N1,772,link,Km post missing,22.3646111,91.8508333,393.0
N1,773,link,Chittagong city area ends and the survey of N1 starts again,22.3644444,91.8511111,8309.0
N1,774,link,The chittagong city area starts from Alongka cinema Hall,22.3586667,91.7822771,193.0
N1,775,link,End of Bituminous Road,22.3691382,91.777666,555.0
N1,776,link,Km post missing,22.369166,91.7741938,545.0
N1,777,link,Bridge end,22.3762254893617,91.77054326631206,19.0
N1,778,bridge,Bridge start,22.3764716,91.770416,436.0
N1,779,link,Km post missing,22.379166,91.7675827,375.0
N1,780,link,Box culvert,22.3815271,91.7652222,625.0
N1,781,link,Km post missing,22.3861663,91.7618333,314.0
N1,782,link,Bridge end,22.3887497,91.7607222,59.0
N1,783,bridge,Bridge start,22.3892497,91.7605,351.0
N1,784,link,Box culvert,22.3921108,91.75925,217.0
N1,785,link,"N111, Port Connecting Road",22.3937774,91.7588056,59.0
N1,786,link,Km post missing,22.3944997,91.7586944,489.0
N1,787,link,Bridge end,22.3988052,91.7576667,7.0
N1,788,bridge,Bridge start,22.3988608,91.7576667,104.0
N1,789,link,Road to Biman Bandar (Z1016),22.3996108,91.7573333,400.0
N1,790,link,Km post missing,22.4032222,91.7565278,592.0
N1,791,link,Start of Bituminous Pavement,22.40839921010101,91.75514357643098,2.0
N1,792,link,Box culvert,22.4084167,91.7551389,206.0
N1,793,link,End of Bituminous Pavement,22.4101111,91.7544444,200.0
N1,794,link,Km post missing,22.4119167,91.7543611,797.0
N1,795,link,Bridge end,22.4182771,91.7506667,38.0
N1,796,bridge,Bridge start,22.4185549,91.7504722,165.0
N1,797,link,Km post missing,22.4198882,91.7497774,1000.0
N1,798,link,Km post missing,22.4269716,91.7439997,449.0
N1,799,link,Bridge end,22.4304438,91.7417219,43.0
N1,800,bridge,Bridge start,22.4307493,91.7415274,311.0
N1,801,link,Box culvert,22.4333049,91.7403608,137.0
N1,802,link,Km post missing,22.4349719,91.7396941,925.0
N1,803,link,Bridge end,22.4422219,91.7367497,31.0
N1,804,bridge,Bridge start,22.4424997,91.7366663,104.0
N1,805,link,Km post missing,22.4433886,91.7364163,1000.0
N1,806,link,Info.Missing,22.45182350044248,91.7331283022124,808.0
N1,807,link,Bridge end,22.4586389,91.7304716,26.0
N1,808,bridge,Bridge start,22.4588333,91.7303604,184.0
N1,809,link,Km post missing,22.4603056,91.7295827,1000.0
N1,810,link,Ctg 22 km,22.468416,91.7255827,136.0
N1,811,link,Box culvert,22.4694438,91.7250549,883.0
N1,812,link,Info.Missing,22.4765271,91.7213327,89.0
N1,813,link,Bridge end,22.4773049,91.7211104,25.0
N1,814,bridge,Bridge start,22.4775271,91.7210549,601.0
N1,815,link,Box culvert,22.48280706570156,91.72005100244988,297.0
N1,816,link,Ctg 24 km,22.4854163,91.7195549,174.0
N1,817,link,Box culvert,22.4869441,91.7192771,887.0
N1,818,link,Km post missing,22.494583,91.7170827,296.0
N1,819,link,Bridge end,22.4968052,91.7156389,19.0
N1,820,bridge,Bridge start,22.4969163,91.7155556,685.0
N1,821,link,Km post missing,22.5025556,91.7130556,57.0
N1,822,link,Box culvert,22.503,91.7128056,530.0
N1,823,link,Bridge end,22.5073056,91.7106389,18.0
N1,824,bridge,Bridge start,22.5074444,91.7105556,239.0
N1,825,link,Bridge end,22.5093611,91.7096944,12.0
N1,826,bridge,Bridge start,22.5094444,91.7096389,144.0
N1,827,link,Km post missing,22.5106111,91.7090833,262.0
N1,828,link,Bridge end,22.5127778,91.7082222,41.0
N1,829,bridge,Bridge start,22.5131389,91.7080833,194.0
N1,830,link,Box culvert,22.5147222,91.7074444,182.0
N1,831,link,Bridge end,22.5161667,91.70675,45.0
N1,832,bridge,Bridge start,22.5165556,91.7065833,276.0
N1,833,link,Ctg 28 km,22.5187216,91.7055556,65.0
N1,834,link,Bridge end,22.519265407228914,91.70540328072288,18.0
N1,835,bridge,Bridge start,22.519416,91.7053611,957.0
N1,836,link,Km post missing,22.5273049,91.7019444,910.0
N1,837,link,Box culvert,22.5347774,91.698333,90.0
N1,838,link,Ctg 30 km,22.5354997,91.6979441,882.0
N1,839,link,Box culvert,22.5428608,91.6950274,119.0
N1,840,link,Km post missing,22.5438886,91.6945274,825.0
N1,841,link,Bridge end,22.5501667,91.6903886,31.0
N1,842,bridge,Bridge start,22.5503056,91.6902774,144.0
N1,843,link,Ctg 32 km,22.5514167,91.6896941,939.0
N1,844,link,Km post missing,22.5594444,91.6872219,316.0
N1,845,link,Box culvert,22.5624722,91.6863608,217.0
N1,846,link,Bridge end,22.564,91.6859441,14.0
N1,847,bridge,Bridge start,22.5641389,91.6859163,275.0
N1,848,link,Box culvert,22.5664722,91.6851663,178.0
N1,849,link,Km post missing,22.5679716,91.6846941,605.0
N1,850,link,Bridge end,22.5730549,91.6831938,18.0
N1,851,bridge,Bridge start,22.5731938,91.6830827,377.0
N1,852,link,Km post missing,22.5763604,91.6818049,183.0
N1,853,link,Box culvert,22.5779438,91.6811382,331.0
N1,854,link,Road to Katirhat (Z1087),22.580666,91.6799438,343.0
N1,855,link,Bridge end,22.5834997,91.6785827,26.0
N1,856,bridge,Bridge start,22.5836663,91.6784716,117.0
N1,857,link,Info.Missing,22.584583,91.6780827,757.0
N1,858,link,Box culvert,22.5907497,91.6754716,408.0
N1,859,link,Km post missing,22.5939997,91.6738327,25.0
N1,860,link,Box culvert,22.5942219,91.6737771,681.0
N1,861,link,Box culvert,22.5994441,91.6703049,49.0
N1,862,link,Box culvert,22.6000556,91.6699438,115.0
N1,863,link,Box culvert,22.601,91.6692771,130.0
N1,864,link,Ctg 38 km,22.6015833,91.6688327,952.0
N1,865,link,Box culvert,22.6088889,91.6641111,72.0
N1,866,link,Km post missing,22.6094444,91.6638333,372.0
N1,867,link,Box culvert,22.6123889,91.6622222,612.0
N1,868,link,Box culvert,22.6168604,91.6588611,16.0
N1,869,link,"Ctg 40 km,Sitakanda 0 km",22.6169716,91.65875,91.0
N1,870,link,Box culvert,22.6175271,91.65825,253.0
N1,871,link,Bridge end / Box culvert,22.6180271,91.6578333,20.0
N1,872,bridge,Bridge start,22.6194993,91.6568889,163.0
N1,873,link,Box culvert,22.6206938,91.6563611,333.0
N1,874,link,Box culvert,22.6234716,91.6553056,219.0
N1,875,link,Km post missing,22.6252216,91.6545278,83.0
N1,876,link,Box culvert,22.625916,91.6541389,782.0
N1,877,link,Box culvert,22.6320271,91.6503889,135.0
N1,878,link,"Ctg 42 km,Sitakanda 2 km",22.6330827,91.649833,87.0
N1,879,link,Box culvert,22.6338608,91.6494719,974.0
N1,880,link,Km post missing,22.641583,91.6451108,470.0
N1,881,link,Box culvert,22.6452774,91.6430552,463.0
N1,882,link,Box culvert,22.6489997,91.6411108,67.0
N1,883,link,"Ctg 44 km,Sitakanda 4 km",22.6494997,91.640833,411.0
N1,884,link,Box culvert,22.6527778,91.6391663,209.0
N1,885,link,Box culvert,22.6543889,91.6381386,357.0
N1,886,link,Km post missing,22.6571389,91.636333,322.0
N1,887,link,Box culvert,22.6596667,91.6347219,540.0
N1,888,link,Box culvert,22.6638333,91.6321382,138.0
N1,889,link,"Ctg 46 km,Sitakanda 6 km",22.6649167,91.6315549,370.0
N1,890,link,Box culvert,22.6678604,91.6301104,506.0
N1,891,link,Box culvert,22.6722493,91.6285271,131.0
N1,892,link,Road to Haidchokia (Z1086),22.6733049,91.6280827,120.0
N1,893,link,Km post missing,22.6743049,91.6277493,99.0
N1,894,link,Box culvert,22.6751382,91.6274438,231.0
N1,895,link,Box culvert,22.6769438,91.6268327,670.0
N1,896,link,"Ctg 48 km,Sitakanda 8 km",22.6825549,91.6241938,317.0
N1,897,link,Box culvert,22.685083,91.6228327,544.0
N1,898,link,Box culvert,22.689583,91.6208327,98.0
N1,899,link,Km post missing,22.6904163,91.6205271,216.0
N1,900,link,Box culvert,22.6919719,91.6198604,784.0
N1,901,link,"Ctg 50 km,Sitakanda 10 km",22.6984997,91.616666,220.0
N1,902,link,Box culvert,22.7002222,91.6157778,381.0
N1,903,link,Box culvert,22.7033056,91.6142222,342.0
N1,904,link,Box culvert,22.706,91.6126944,68.0
N1,905,link,Km post missing,22.7065556,91.6123611,137.0
N1,906,link,Box Culvert,22.7076111,91.6118056,607.0
N1,907,link,Box culvert,22.7124167,91.6090556,256.0
N1,908,link,"Ctg 52 km,Sitakhada 12 km",22.7143889,91.6079444,215.0
N1,909,link,Box culvert,22.716,91.6069167,75.0
N1,910,link,Box culvert,22.7165556,91.6065556,260.0
N1,911,link,Km post missing,22.7185549,91.6053056,461.0
N1,912,link,Box culvert,22.7221104,91.6030833,539.0
N1,913,link,Km post missing,22.7263882,91.6007778,988.0
N1,914,link,Box culvert,22.7349163,91.5979719,12.0
N1,915,link,Km post missing,22.7349997,91.5979441,968.0
N1,916,link,Box culvert,22.7433052,91.5950274,32.0
N1,917,link,Km post missing,22.7435552,91.5949163,768.0
N1,918,link,Box culvert,22.7496386,91.5916386,232.0
N1,919,link,Km post missing,22.7513333,91.5903608,157.0
N1,920,link,Bridge end,22.7525,91.5894719,23.0
N1,921,bridge,Bridge start,22.7526389,91.5893608,820.0
N1,922,link,Km post missing,22.7585278,91.5845274,547.0
N1,923,link,Box culvert,22.7621944,91.5811382,453.0
N1,924,link,Km post missing,22.7654722,91.5785549,529.0
N1,925,link,Box culvert,22.7661944,91.5779993,2.0
N1,926,link,Box culvert,22.7693604,91.5756104,469.0
N1,927,link,Km post missing,22.7730271,91.5734716,24.0
N1,928,link,Box culvert,22.7732771,91.5733604,475.0
N1,929,link,Road to Narayanhat (Z1021),22.7771104,91.5713327,486.0
N1,930,link,Bridge end,22.7811382,91.5696382,15.0
N1,931,link,Km post missing,22.7812216,91.5695827,6.0
N1,932,link,Bridge start,22.7813327,91.5695271,994.0
N1,933,link,Km post missing,22.7893608,91.5655833,35.0
N1,934,link,Box culvert,22.7896108,91.5654444,472.0
N1,935,link,Box Culvert,22.7934163,91.5633333,493.0
N1,936,link,Km post missing,22.7974719,91.5613611,845.0
N1,937,link,Box culvert,22.8045833,91.5591111,155.0
N1,938,link,Km post missing,22.8059444,91.5589167,2.0
N1,939,link,Box culvert,22.8059722,91.5589167,252.0
N1,940,link,Box culvert,22.808,91.5579167,406.0
N1,941,link,Box culvert,22.8110556,91.5563889,340.0
N1,942,link,Km post missing,22.8141389,91.5555833,1000.0
N1,943,link,Km post missing,22.8228049,91.5531389,128.0
N1,944,link,Box culvert,22.8239438,91.5528333,872.0
N1,945,link,Km post missing,22.8313882,91.5503611,686.0
N1,946,link,Pipe culvert,22.8372497,91.5492497,314.0
N1,947,link,Km post missing,22.8401941,91.5490552,353.0
N1,948,link,Box culvert,22.8432497,91.5482219,240.0
N1,949,link,Box culvert,22.8452219,91.5475274,380.0
N1,950,link,Bridge end,22.8484441,91.5464163,10.0
N1,951,bridge,Bridge start,22.8485274,91.5463886,17.0
N1,952,link,Km post missing,22.8486663,91.5463608,722.0
N1,953,link,Box culvert,22.8550556,91.545833,113.0
N1,954,link,Box culvert,22.856,91.5457219,165.0
N1,955,link,Km post missing,22.8575556,91.5456386,247.0
N1,956,link,Box culvert,22.8595833,91.5454719,177.0
N1,957,link,Box culvert,22.86111772310757,91.54512584501992,576.0
N1,958,link,Km post missing,22.8661111,91.5439997,282.0
N1,959,link,Box culvert,22.868416,91.5431663,556.0
N1,960,link,Box culvert,22.8731382,91.5414441,162.0
N1,961,link,Km post missing,22.8744438,91.5409719,85.0
N1,962,link,Box culvert,22.875166,91.5407219,915.0
N1,963,link,Km post missing / Box culvert,22.8829993,91.5381663,1000.0
N1,964,link,Km post missing,22.8916386,91.5354719,63.0
N1,965,link,Box culvert,22.8921663,91.5353052,104.0
N1,966,link,Start of Bituminious Pavement,22.8929719,91.5350274,113.0
N1,967,link,Road to Karerhat (R151),22.8939997,91.5346941,637.0
N1,968,link,End of Bituminous Pavment,22.8994441,91.5336108,83.0
N1,969,link,Km post missing,22.9003333,91.5333608,536.0
N1,970,link,Box culvert,22.9046667,91.5314438,464.0
N1,971,link,Km post missing,22.9085833,91.5294993,638.0
N1,972,link,Bridge end/Start of Chittagong Road Division / Bridge end/Start of Chittagong Road Division,22.9138056,91.5268604,228.0
N1,973,bridge,Bridge start,22.9156667,91.5259438,134.0
N1,974,link,Km post missing,22.9167216,91.5253882,1000.0
N1,975,link,Km post missing,22.9248882,91.5213327,1000.0
N1,976,link,Km post missing,22.9329716,91.5172216,1000.0
N1,977,link,Km post missing,22.940833,91.5124444,381.0
N1,978,link,Road to Chhagalnaiya (Z1032),22.9439441,91.5108611,619.0
N1,979,link,Ctg 81 kkm,22.9482774,91.50725,509.0
N1,980,link,Bridge end,22.949583,91.5027778,211.0
N1,981,bridge,Bridge start,22.9496663,91.5007778,288.0
N1,982,link,Km post missing,22.9497774,91.4980274,1000.0
N1,983,link,Ctg 83 km,22.9497497,91.4883608,1008.0
N1,984,link,Km post missing,22.9484997,91.4786938,262.0
N1,985,link,Road to Mounshirhat (Z1081),22.9483608,91.4761382,738.0
N1,986,link,"Ctg 85 km,Bairyahat 10 km",22.9479997,91.4689993,1012.0
N1,987,link,Km post missing,22.9514444,91.4600278,1000.0
N1,988,link,Ctg 87 km,22.9561389,91.4517778,1043.0
N1,989,link,Km post missing,22.9611667,91.4433886,111.0
N1,990,link,Bridge end,22.9618056,91.4424997,109.0
N1,991,bridge,Bridge start,22.9624167,91.4416941,780.0
N1,992,link,Km post missing,22.9663333,91.4356108,1000.0
N1,993,link,Km post missing,22.9711382,91.4273882,1000.0
N1,994,link,Ctg 91 km,22.9774438,91.4205827,1051.0
N1,995,link,Ctg 91 km,22.9842219,91.4137222,256.0
N1,996,link,Road to Sonagazi (Z1034),22.9858886,91.4120556,296.0
N1,997,link,Road to Feni Town (Z1034),22.9877774,91.41,448.0
N1,998,link,"Ctg 93 km,Lalpole 1 km",22.9906941,91.4072222,917.0
N1,999,link,Bridge end,22.9960552,91.4006667,23.0
N1,1000,bridge,Bridge start,22.9961941,91.4005,85.0
N1,1001,link,Km post missing,22.9963886,91.3998052,1000.0
N1,1002,link,Ctg 95 km,23.0018889,91.3920552,1407.0
N1,1003,link,Intersection with N104 / Km post missing,23.0095556,91.3813604,614.0
N1,1004,link,Km post missing,23.0132778,91.3769438,125.0
N1,1005,link,Box culvert,23.0140833,91.3759716,724.0
N1,1006,link,Box culvert,23.0185271,91.3708327,151.0
N1,1007,link,"Ctg 98 km,Feni 2 km",23.0193604,91.3697771,761.0
N1,1008,link,Road to Biroli (Z1030),23.0248327,91.3655278,240.0
N1,1009,link,"Ctg 99 km,Feni 3 km",23.0269716,91.3655,287.0
N1,1010,link,Box culvert,23.029416,91.3656389,735.0
N1,1011,link,Km post missing,23.0360274,91.36575,468.0
N1,1012,link,Rail Road Crossing,23.0398052,91.3656111,336.0
N1,1013,link,Box culvert,23.0427774,91.3654444,196.0
N1,1014,link,Ctg 101 km,23.0449719,91.3653611,521.0
N1,1015,link,Z1031,23.0479441,91.3651389,500.0
N1,1016,link,Ctg 102 km,23.0538611,91.3637222,882.0
N1,1017,link,Road to Karerhat (Z1031),23.0614722,91.3616667,230.0
N1,1018,link,Ctg 103 km,23.0635278,91.3616389,18.0
N1,1019,link,Box Culvert,23.0636944,91.3616389,611.0
N1,1020,link,Start of Feni road Division / Start of Feni road Division,23.0688604,91.3607222,275.0
N1,1021,link,Km post missing,23.0712493,91.3599722,234.0
N1,1022,link,Box culvert,23.0732493,91.3594167,766.0
N1,1023,link,Ctg 122 km,23.0792493,91.3558333,193.0
N1,1024,link,Bridge end,23.0806938,91.3549444,17.0
N1,1025,bridge,Bridge start,23.0808049,91.3548611,527.0
N1,1026,link,Box culvertt,23.0849719,91.3524722,345.0
N1,1027,link,Km post missing,23.0876108,91.3508889,312.0
N1,1028,link,Box culvert,23.0901108,91.3494163,688.0
N1,1029,link,Km post missing,23.095583,91.3464441,82.0
N1,1030,link,Box culvert,23.0961941,91.3461108,550.0
N1,1031,link,Box culvert,23.1005833,91.3437774,368.0
N1,1032,link,Km post missing,23.1035,91.3422497,205.0
N1,1033,link,Box culvert,23.1051111,91.3413608,720.0
N1,1034,link,Box culvert,23.1108056,91.3381386,75.0
N1,1035,link,Km post missing,23.1113611,91.3378052,1000.0
N1,1036,link,"Ctg 127 km,Feni 16 km",23.1191382,91.3330827,28.0
N1,1037,link,Box culvert,23.1193049,91.3329993,248.0
N1,1038,link,Km post missing,23.1213327,91.3320549,255.0
N1,1039,link,Box culvert,23.1234993,91.3311382,675.0
N1,1040,link,Box culvert,23.1290827,91.3287216,69.99999999998545
N1,1041,link,Km post missing,23.1295827,91.3284993,898.0
N1,1042,link,Box culvert,23.1374163,91.3264716,102.0
N1,1043,link,Km post missing,23.1382219,91.3263049,579.0000000000146
N1,1044,link,Box culvert,23.1433886,91.326666,420.99999999998545
N1,1045,link,Km post missing,23.1471663,91.3266938,99.0000000000291
N1,1046,link,Box culvert,23.1480274,91.3264993,269.0
N1,1047,link,Road to Nangolhat (Z1048),23.1496941,91.3254993,631.9999999999854
N1,1048,link,Km post missing,23.1554167,91.3232771,208.0
N1,1049,link,Box culvert,23.1571667,91.3224993,792.0
N1,1050,link,Km post missing,23.1641389,91.3214993,440.0
N1,1051,link,Bridge end,23.1680549,91.3213604,14.0
N1,1052,bridge,Bridge start,23.1681382,91.3213604,546.0
N1,1053,link,Ctg 133 km,23.172916,91.3205271,515.0
N1,1054,link,Box culvert,23.1773604,91.3198049,614.0
N1,1055,link,Km post missing,23.1826382,91.3210827,465.0
N1,1056,link,Bridge end,23.1866108,91.3212771,12.0
N1,1057,bridge,Bridge start,23.1866941,91.3212493,523.0
N1,1058,link,Km post missing,23.1909997,91.3192493,135.0
N1,1059,link,Box culvert,23.1921108,91.3185549,865.0
N1,1060,link,Km post missing,23.1990274,91.3170549,229.0
N1,1061,link,Box culvert,23.201,91.3168049,771.0
N1,1062,link,Km post missing,23.2078889,91.3159722,282.0
N1,1063,link,Box culvert,23.2103056,91.3157222,718.0
N1,1064,link,Km post missing,23.2165556,91.3149167,222.0
N1,1065,link,Box culvert,23.2184993,91.3143889,328.0
N1,1066,link,Road to Bangadda (Z1045),23.221416,91.3137222,450.0
N1,1067,link,Km post missing,23.2253882,91.3135833,237.0
N1,1068,link,Box culvert,23.2275549,91.3135278,448.0
N1,1069,link,Box culvert,23.2314993,91.3132222,315.0
N1,1070,link,Km post missing,23.2343052,91.3131667,20.0
N1,1071,link,Box culvert,23.2344997,91.3131667,817.0
N1,1072,link,Box culvert,23.2416941,91.3123611,163.0
N1,1073,link,Km post missing,23.243083,91.3119167,270.0
N1,1074,link,Box culvert,23.2452774,91.3110556,347.0
N1,1075,link,Bridge end,23.2481663,91.3098889,23.0
N1,1076,bridge,Bridge start,23.248333,91.3098056,186.0
N1,1077,link,Box culvert,23.249833,91.3091944,174.0
N1,1078,link,Km post missing,23.2511944,91.3086389,844.0
N1,1079,link,Box culvert,23.2587222,91.3074444,156.0
N1,1080,link,Km post missing,23.2601111,91.3072778,404.0
N1,1081,link,Box culvert,23.2636667,91.30675,203.0
N1,1082,link,Box culvert,23.2654444,91.3064444,277.0
N1,1083,link,Box culvert,23.2677493,91.3054722,116.0
N1,1084,link,Km post missing,23.2686382,91.3049722,1000.0
N1,1085,link,Km post missing,23.2768882,91.3011944,226.0
N1,1086,link,Box culvert,23.2787216,91.3002778,774.0
N1,1087,link,Km post missing,23.283583,91.2952219,498.0
N1,1088,link,Box culvert,23.2876663,91.2936386,502.0
N1,1089,link,Km post missing,23.2919163,91.2922219,467.0
N1,1090,link,Bridge end,23.2959719,91.2915274,14.0
N1,1091,bridge,Bridge start,23.296083,91.2914997,519.0
N1,1092,link,Km post missing,23.3006111,91.290333,453.0
N1,1093,link,Box culvert,23.30425,91.288583,547.0
N1,1094,link,Km post missing,23.3086944,91.2864163,113.0
N1,1095,link,Box culvert,23.3096389,91.2861386,598.0
N1,1096,link,Bridge end,23.31475,91.2845552,19.0
N1,1097,bridge,Bridge start,23.3149444,91.2844719,270.0
N1,1098,link,Km post missing,23.3171382,91.2836941,917.0
N1,1099,link,Bridge end,23.3240827,91.279166,10.0
N1,1100,bridge,Bridge start,23.324166,91.2791104,73.0
N1,1101,link,Km post missing,23.3246382,91.278666,1000.0
N1,1102,link,Km post missing,23.3321938,91.2734716,369.0
N1,1103,link,Road to Harishchar (Z1046),23.3347219,91.271166,143.0
N1,1104,link,Bridge end,23.3357219,91.2703049,44.0
N1,1105,bridge,Bridge start,23.3360274,91.2700549,444.0
N1,1106,link,Km post missing,23.3390552,91.2672216,1000.0
N1,1107,link,Km post missing,23.3463608,91.2616944,313.0
N1,1108,link,Box culvert,23.3486386,91.2599444,687.0
N1,1109,link,Km post missing,23.3536944,91.2561389,610.0
N1,1110,link,Bridge end,23.3584444,91.2533333,24.0
N1,1111,bridge,Bridge start,23.3586389,91.25325,366.0
N1,1112,link,"Ctg 156 km,Feni 43 km",23.3615278,91.2515556,904.0
N1,1113,link,Box culvert,23.3683327,91.2471108,171.0
N1,1114,link,Km post missing,23.3695827,91.2462774,1000.0
N1,1115,link,Km post missing,23.377166,91.2409163,72.0
N1,1116,link,Bridge end,23.3777493,91.2405274,30.0
N1,1117,bridge,Bridge start,23.3779716,91.2403608,898.0
N1,1118,link,Km post missing,23.3843886,91.2351108,83.0
N1,1119,link,Box culvert,23.3849719,91.2346108,15.0
N1,1120,link,Box culvert,23.385083,91.2345552,892.0
N1,1121,link,Box culvert,23.3914441,91.2293049,10.0
N1,1122,link,Km post missing,23.3915274,91.2292493,1000.0
N1,1123,link,Km post missing,23.398213447804338,91.22288776581436,799.0
N1,1124,link,Bridge end,23.4035556,91.2178049,29.0
N1,1125,bridge,Bridge start,23.40375,91.2176382,172.0
N1,1126,link,Ctg 162 km,23.4048056,91.2165278,980.0
N1,1127,link,Box culvert,23.4100278,91.2090833,37.0
N1,1128,link,Ctg 163 km,23.4100833,91.2087778,1027.0
N1,1129,link,Ctg 164 km,23.4113056,91.1988886,1008.0
N1,1130,link,Km post missing,23.4125,91.1893886,461.0
N1,1131,link,Bridge end,23.4130556,91.1849163,28.0
N1,1132,bridge,Bridge start,23.4131111,91.1846663,511.0
N1,1133,link,"Ctg 66 km,Feni 52 km",23.4149444,91.1801382,538.0
N1,1134,link,Left to Comilla Right to Noakhali,23.4191382,91.1721938,90.0
N1,1135,link,Km post missing,23.4195271,91.171416,427.0
N1,1136,link,Rail Road Crossing,23.4213604,91.167666,508.0
N1,1137,link,Bridge end,23.423416,91.1632778,37.0
N1,1138,bridge,Bridge start,23.4235827,91.1629722,28.0
N1,1139,link,Ctg 168 km,23.4236938,91.1626944,980.0
N1,1140,link,Km post missing,23.4288882,91.1553889,1000.0
N1,1141,link,Ctg 170 km,23.4373886,91.1521944,684.0
N1,1142,link,Km post missing,23.4425274,91.1497774,463.0
N1,1143,link,Cross Road with Z1052,23.4469441,91.1481386,210.0
N1,1144,link,Bridge end,23.4486386,91.1472497,24.0
N1,1145,bridge,Bridge start,23.448833,91.1471386,303.0
N1,1146,link,Km post missing,23.4513056,91.1460552,932.0
N1,1147,link,Cross road Z1029,23.459,91.142333,68.0
N1,1148,link,Km post missing,23.4595833,91.1421386,1000.0
N1,1149,link,Km post missing,23.4682216,91.1394441,1000.0
N1,1150,link,Km post missing,23.4767216,91.1364441,1000.0
N1,1151,link,Km post missing,23.4800827,91.1276382,436.0
N1,1152,link,Box culvert,23.4793327,91.1234716,547.0
N1,1153,link,Road to Brahmanbaria(N102),23.4789716,91.118166,17.0
N1,1154,link,Km post missing,23.4789716,91.1179993,28.0
N1,1155,link,Box culvert,23.4789438,91.1177216,972.0
N1,1156,link,Km post missing,23.4779993,91.1055278,487.0
N1,1157,link,Box culvert,23.4778604,91.1036111,513.0
N1,1158,link,Km post missing,23.4775549,91.0986663,1000.0
N1,1159,link,Km post missing,23.4781938,91.0889997,1000.0
N1,1160,link,Km post missing,23.4770271,91.0794716,56.0
N1,1161,link,Box culvert,23.4770827,91.0789993,944.0
N1,1162,link,Km post missing,23.4801104,91.0706382,1000.0
N1,1163,link,Km post missing,23.4815549,91.0613611,240.0
N1,1164,link,Road to Khangsanagar (Z1219) left road to Barua Z1028 right,23.4815271,91.0590278,760.0
N1,1165,link,Km post missing,23.4821382,91.0516944,129.0
N1,1166,link,Box culvert,23.4820827,91.0504167,871.0
N1,1167,link,Ctg 184 km,23.4814716,91.0419719,141.0
N1,1168,link,Box culvert,23.481166,91.0404441,913.0
N1,1169,link,Km post missing,23.4827771,91.0321382,1000.0
N1,1170,link,Km post missing,23.4846386,91.0229438,1020.0
N1,1171,link,Ctg 187 km,23.488333,91.0140833,198.0
N1,1172,link,Bridge end,23.4889441,91.01225,30.0
N1,1173,bridge,Bridge start,23.4890552,91.0120278,84.0
N1,1174,link,"Ctg 188 km,Comilla 20 km",23.4893052,91.0112778,734.0
N1,1175,link,Ctg 188 km,23.4896108,91.0043056,71.0
N1,1176,link,Road to Jhalam (Z1022),23.4893886,91.0034722,22.0
N1,1177,link,Road to Debiduar (Z1008),23.4894441,91.0033056,890.0
N1,1178,link,Km post Missing,23.4911386,90.9950274,1000.0
N1,1179,link,Km post Missing,23.4942497,90.985833,306.0
N1,1180,link,Box culvert,23.4951386,90.9829993,694.0
N1,1181,link,Km post Missing,23.4942219,90.9765549,1000.0
N1,1182,link,Ctg 191 km,23.4972774,90.9674716,183.0
N1,1183,link,Box culvert,23.4980552,90.9660278,273.9999999999927
N1,1184,link,Km post Missing,23.4986386,90.9651111,1000.0
N1,1185,link,Km post Missing,23.4995274,90.9541667,1000.0000000000073
N1,1186,link,Km post Missing,23.5020278,90.9448886,375.0
N1,1187,link,Box culvert,23.5028611,90.9412774,352.0
N1,1188,link,Box culvert,23.5038611,90.9371386,264.0
N1,1189,link,"Z1017, Road to Companiganj",23.5043333,90.9354719,9.0
N1,1190,link,Km post Missing,23.5042778,90.9354163,1000.0
N1,1191,link,Km post Missing,23.5055278,90.9257216,1000.0
N1,1192,link,Km post Missing,23.5057222,90.9160278,89.0
N1,1193,link,Box culvert,23.50575,90.91525,911.0
N1,1194,link,Km post Missing,23.5062778,90.9063889,1000.0
N1,1195,link,Km post Missing,23.5056389,90.8966108,78.0
N1,1196,link,Box culvert,23.5056111,90.8958886,922.0
N1,1197,link,Km post Missing,23.506,90.8869163,1000.0
N1,1198,link,Km post Missing,23.5088056,90.8778604,792.0
N1,1199,link,"Z1042, road to Bancharampur",23.5126667,90.871416,102.0
N1,1200,link,Bridge end,23.5131111,90.8706382,42.0
N1,1201,bridge,Bridge start,23.5133056,90.8703049,64.0
N1,1202,link,Km post Missing,23.5135833,90.8697771,1000.0
N1,1203,link,Km post Missing,23.5170827,90.8607778,1000.0
N1,1204,link,Km post Missing,23.5174993,90.8513889,1000.0
N1,1205,link,Km post Missing,23.523166,90.8438886,633.0
N1,1206,link,Box culvert,23.5270549,90.8391386,367.0
N1,1207,link,Km post Missing,23.5292216,90.8365274,1000.0
N1,1208,link,Km post Missing,23.5344997,90.8287216,390.0
N1,1209,link,Bridge end,23.5347219,90.8251104,16.0
N1,1210,bridge,Bridge start,23.5346663,90.8249716,594.0
N1,1211,link,Km post Missing,23.5332493,90.8194716,1000.0
N1,1212,link,Km post Missing,23.5316382,90.8099167,577.0
N1,1213,link,Bridge end,23.530916,90.8043611,20.0
N1,1214,bridge,Bridge start,23.5308882,90.8041389,403.0
N1,1215,link,Km post Missing,23.5308604,90.8002222,45.0
N1,1216,link,Z1044,23.5306938,90.7924441,955.0
N1,1217,link,Km post Missing,23.531166,90.7907219,108.0
N1,1218,link,Box culvert,23.5312216,90.7895552,773.0
N1,1219,link,"Z1053, Road to Homna",23.530666,90.7821938,66.0
N1,1220,link,"Z1402, road to Pennai",23.5307493,90.7816104,53.0
N1,1221,link,Km post Missing,23.5308049,90.7811104,815.0
N1,1222,link,Box culvert,23.5304993,90.7731104,185.0
N1,1223,link,Km post Missing,23.5304438,90.7713049,1000.0
N1,1224,link,Km post Missing,23.5299993,90.7615,1000.0
N1,1225,link,Km post broken,23.529416,90.75175,24.0
N1,1226,link,Bridge end,23.5293882,90.7515833,17.0
N1,1227,bridge,Bridge start,23.5293882,90.7514167,967.0
N1,1228,link,Ctg 214 km,23.5289993,90.7419441,654.0
N1,1229,link,Km post missing,23.528916,90.7356108,1000.0
N1,1230,link,Km post missing,23.5327216,90.7269993,487.0
N1,1231,link,Box culvert,23.5322346,90.7226298386,513.0
N1,1232,link,Km post missing,23.5317216,90.7180271,47.0
N1,1233,link,Bridge end,23.5315827,90.7176104,17.0
N1,1234,bridge,Bridge start,23.5315271,90.7173604,77.0
N1,1235,link,Road to Matlab (Z1062),23.5314716,90.7172216,426.0
N1,1236,link,Start of Comilla road Division / Start of Comilla road Division,23.5313882,90.7153611,355.0
N1,1237,link,Daudkandi bridge,23.5307771,90.7090278,78.0
N1,1238,link,Km post missing,23.5307493,90.7082778,1000.0
N1,1239,link,Km post missing,23.5301382,90.6984997,336.0
N1,1240,link,Daudkandi bridge,23.529916,90.6952219,664.0
N1,1241,link,Km post missing,23.5301938,90.688833,651.0
N1,1242,link,Box culvert,23.5341386,90.6843052,275.0
N1,1243,link,Bridge end,23.5358608,90.6823604,40.0
N1,1244,bridge,Bridge start,23.536083,90.6821382,34.0
N1,1245,link,Km post missing,23.5362497,90.681916,1000.0
N1,1246,link,Km post missing,23.542583,90.6749438,256.0
N1,1247,link,Box culvert,23.5442219,90.6731104,443.0
N1,1248,link,Bridge end,23.5469441,90.6699993,77.0
N1,1249,bridge,Bridge start,23.5474163,90.6694438,224.0
N1,1250,link,"Ctg 227 km,Comilla 60 km",23.5487497,90.6678327,582.0
N1,1251,link,Box culvert,23.5523333,90.6636667,242.0
N1,1252,link,"Ctg 228 km,Comilla 61 km",23.5538056,90.6619722,395.0
N1,1253,link,Bridge end,23.5562222,90.6591389,40.0
N1,1254,bridge,Bridge start,23.5564444,90.6588611,412.0
N1,1255,link,Road to Gazara (Z1063),23.5590278,90.6559444,162.0
N1,1256,link,"Ctg 229 km,Comilla 62 km",23.5599722,90.6548056,39.0
N1,1257,link,Bridge end,23.5602222,90.6545,38.0
N1,1258,bridge,Bridge start,23.5604167,90.6542222,532.0
N1,1259,link,Bridge end,23.5636944,90.6504722,38.0
N1,1260,bridge,Bridge start,23.5639167,90.6501944,368.0
N1,1261,link,Km post missing,23.5666111,90.6481663,646.0
N1,1262,link,Bridge end,23.5718327,90.6453052,46.0
N1,1263,bridge,Bridge start,23.572166,90.6451108,308.0
N1,1264,link,Information missing,23.5745271,90.6436941,396.0
N1,1265,link,Bridge end,23.5776104,90.6421108,39.0
N1,1266,link,Bridge start,23.577916,90.6419719,656.0
N1,1267,bridge,Bridge end,23.5825827,90.6381386,39.0
N1,1268,link,Km post missing,23.5828327,90.6378886,126.0
N1,1269,link,Bridge start,23.5837497,90.6369441,874.0
N1,1270,link,Km post missing,23.5896108,90.6313882,316.0
N1,1271,link,Box culvert,23.5917497,90.6293327,674.0
N1,1272,link,Box culvert,23.5959441,90.6246938,10.0
N1,1273,link,Km post missing,23.5959997,90.624666,1000.0
N1,1274,link,Km post missing,23.6009444,90.6165556,126.0
N1,1275,link,Bridge end,23.6018611,90.6159722,874.0
N1,1276,link,Km post missing,23.609,90.6124722,65.0
N1,1277,link,Meghna  bridge,23.6095556,90.6121944,935.0
N1,1278,link,Km post missing,23.6173604,90.6096944,255.0
N1,1279,link,Bridge end,23.6195271,90.6085833,122.0
N1,1280,bridge,Bridge start,23.6204716,90.6079722,259.0
N1,1281,link,Bridge end,23.6224993,90.6066944,228.0
N1,1282,bridge,Bridge start,23.6242216,90.6055278,136.0
N1,1283,link,"Ctg 238 km,Comilla 71 km",23.6252216,90.6049722,130.0
N1,1284,link,Box culvert,23.6262771,90.6042222,975.0
N1,1285,link,Km post missing,23.6330549,90.5982774,82.0
N1,1286,link,Bridge end,23.6335552,90.5976941,100.0
N1,1287,bridge,Bridge start,23.6341108,90.5970274,298.0
N1,1288,link,Left to Sonargaon (Z1089) Right to Morgrapara ( Z1066),23.6358608,90.5948052,520.0
N1,1289,link,Km post missing,23.6396941,90.5927219,3.0
N1,1290,link,Box culvert,23.6397497,90.5926941,643.0
N1,1291,link,Box culvert,23.6449441,90.5899163,354.0
N1,1292,link,Km post missing,23.6476108,90.588083,620.0
N1,1293,link,Bridge end,23.6506944,90.5829993,41.0
N1,1294,bridge,Bridge start,23.6508889,90.5826382,339.0
N1,1295,link,Km post missing,23.6525278,90.5798882,290.0
N1,1296,link,Bridge end,23.6539167,90.5774993,30.0
N1,1297,bridge,Bridge start,23.6540556,90.5772771,352.0
N1,1298,link,Bridge end,23.6559167,90.5745271,21.0
N1,1299,bridge,Bridge start,23.6559722,90.5743327,307.0
N1,1300,link,Km post missing,23.6575,90.5719716,122.0
N1,1301,link,Bridge end,23.6583056,90.5709993,160.0
N1,1302,bridge,Langalbandhu bridge,23.6591111,90.5697216,307.0
N1,1303,link,Road to MinanbariZ1061),23.6604167,90.5671104,411.0
N1,1304,link,Km post missing,23.6628333,90.5641111,961.0
N1,1305,link,Box culvert,23.6705827,90.5599722,39.0
N1,1306,link,Km post missing,23.670916,90.5597778,1000.0
N1,1307,link,Km post missing,23.678166,90.5556111,852.0
N1,1308,link,Box culvert,23.6854997,90.5512778,148.0
N1,1309,link,"Ctg 247 km,Comilla 80 km",23.6865274,90.5504167,588.0
N1,1310,link,Right to Syedpur (R113) left to Joydebpur N105),23.6904163,90.546583,165.0
N1,1311,link,Bridge end,23.6910552,90.5451386,26.0
N1,1312,bridge,Bridge start,23.6911108,90.5448886,248.0
N1,1313,link,"Chittagong 248 km,Comilla 81 km",23.6918052,90.5426108,184.0
N1,1314,link,Box culvert,23.6922774,90.5410552,428.0
N1,1315,link,Box culvert,23.6943608,90.5376108,382.0
N1,1316,link,Km post missing,23.6966386,90.5348052,126.0
N1,1317,link,Box culvert,23.6974163,90.5337774,414.0
N1,1318,link,Box culvert,23.6998608,90.5307216,348.0
N1,1319,link,Box culvert,23.7015278,90.5281938,112.0
N1,1320,link,Km post missing,23.7025278,90.5273882,740.0
N1,1321,link,Road to Sylhet (N2),23.7060833,90.5215271,260.0
N1,1322,link,"Chittagong 251 km,Comilla 84 km",23.7050278,90.5193327,74.0
N1,1323,link,Bridge end,23.7045833,90.5188327,418.0000000000009
N1,1324,bridge,Kachpur bridge,23.7021111,90.5157778,10.99999999999909
N1,1325,link,Km post missing,23.7020556,90.5157222,819.0
N1,1326,link,"R110,Left to Demra, Right to Narayanganj",23.6979163,90.5092778,181.0
N1,1327,link,Km post missing,23.697333,90.50775,1000.0
N1,1328,link,Km post missing,23.6959163,90.4981941,1000.0
N1,1329,link,Km post missing,23.6947497,90.4884997,825.0
N1,1330,link,Road to Narayanganj(R111),23.6938052,90.4805271,175.0
N1,1331,link,Km post missing,23.6936108,90.4787771,1000.0
N1,1332,link,Km post missing,23.693833,90.4691382,870.0
N1,1333,link,Box culvert,23.6973608,90.4616667,130.0
N1,1334,link,Km post missing,23.6978886,90.4605833,1000.0
N1,1335,link,Km post missing,23.7021389,90.4519722,178.0
N1,1336,link,Intersection with Z1101,23.7027778,90.4504722,8.0
N1,1337,link,Box Culvert,23.7029167,90.4504167,814.0
N1,1338,sink,Start of Road  after Jatrabari Flyover infront of filling station.,23.7060278,90.443333,0.0
