road,id,model_type,name,lat,lon,length,condition,bridge_name
N1,0,source,source,20.8646667,92.2981941,42.0,,
N1,1,link,link,20.8650278,92.2982497,428.0,,
N1,2,link,link,20.8688604,92.2982219,50.0,,
N1,3,link,link,20.8692771,92.2981386,794.0,,
N1,4,link,link,20.8764993,92.2978886,43.0,,
N1,5,link,link,20.8768604,92.2978886,163.0,,
N1,6,link,link,20.8782216,92.2977774,431.0,,
N1,7,link,link,20.8820271,92.2977774,474.0,,
N1,8,link,link,20.8858608,92.2991941,133.0,,
N1,9,link,link,20.8869441,92.2996386,258.0,,
N1,10,link,link,20.888833,92.2983886,15.0,,
N1,11,link,link,20.8889163,92.2982497,742.0,,
N1,12,link,link,20.891833,92.2923052,56.0,,
N1,13,link,link,20.8918886,92.2918052,20.0,,
N1,14,link,link,20.8919163,92.2916663,171.0,,
N1,15,link,link,20.8926386,92.2902774,21.0,,
N1,16,link,link,20.8927774,92.2901386,79.0,,
N1,17,link,link,20.8932774,92.2896386,105.0,,
N1,18,link,link,20.8939441,92.2889163,24.0,,
N1,19,link,link,20.894083,92.2887774,103.0,,
N1,20,link,link,20.8948052,92.2881941,84.0,,
N1,21,link,link,20.8953608,92.2877219,219.0,,
N1,22,link,link,20.8965552,92.286083,47.0,,
N1,23,link,link,20.8967774,92.2857219,33.0,,
N1,24,link,link,20.8969163,92.2854441,210.0,,
N1,25,link,link,20.8977497,92.2836941,53.0,,
N1,26,link,link,20.8980274,92.283333,22.0,,
N1,27,link,link,20.8981108,92.2832493,15.0,,
N1,28,link,link,20.8982219,92.283166,47.0,,
N1,29,link,link,20.8984719,92.2828604,164.0,,
N1,30,link,link,20.8994441,92.2817216,113.0,,
N1,31,link,link,20.9001111,92.2809716,36.0,,
N1,32,link,link,20.9003333,92.2807216,311.0,,
N1,33,link,link,20.9027222,92.279416,103.0,,
N1,34,link,link,20.9033333,92.2789438,194.0,,
N1,35,link,link,20.9047222,92.2779716,17.0,,
N1,36,link,link,20.9048333,92.277916,146.0,,
N1,37,link,link,20.9059444,92.2771104,123.0,,
N1,38,link,link,20.90675,92.2764993,238.0,,
N1,39,link,link,20.9085556,92.2753604,47.0,,
N1,40,link,link,20.9088889,92.275166,446.0,,
N1,41,link,link,20.9122222,92.2729438,26.0,,
N1,42,link,link,20.9123889,92.2729716,118.0,,
N1,43,link,link,20.9132778,92.2721938,83.0,,
N1,44,link,link,20.9136389,92.2718604,232.0,,
N1,45,link,link,20.9154167,92.2706938,38.0,,
N1,46,link,link,20.9157222,92.2704993,255.0,,
N1,47,link,link,20.9176382,92.2692493,140.0,,
N1,48,link,link,20.9187771,92.2687771,30.0,,
N1,49,link,link,20.9189993,92.2686382,55.0,,
N1,50,link,link,20.9194993,92.2684716,17.0,,
N1,51,link,link,20.9195827,92.268416,530.0,,
N1,52,link,link,20.9234993,92.2656111,51.0,,
N1,53,link,link,20.9238882,92.2653889,381.0,,
N1,54,link,link,20.9270827,92.2644444,256.0,,
N1,55,link,link,20.9293327,92.2641389,37.0,,
N1,56,link,link,20.929666,92.2641111,388.0,,
N1,57,link,link,20.9330549,92.2635,150.0,,
N1,58,link,link,20.934333,92.26325,40.0,,
N1,59,link,link,20.9346663,92.2631667,166.0,,
N1,60,link,link,20.9361108,92.2628611,12.0,,
N1,61,link,link,20.9361663,92.2628611,109.0,,
N1,62,link,link,20.9371108,92.2624722,40.0,,
N1,63,link,link,20.9373886,92.2623333,752.0,,
N1,64,link,link,20.9436941,92.2603056,99.0,,
N1,65,link,link,20.9445552,92.2603333,187.0,,
N1,66,link,link,20.9459163,92.2603333,330.0,,
N1,67,link,link,20.9481386,92.2593056,46.0,,
N1,68,link,link,20.9482774,92.2589167,167.0,,
N1,69,link,link,20.94957125079681,92.25817740896414,335.0,,
N1,70,link,link,20.9521667,92.2566944,16.0,,
N1,71,link,link,20.95225,92.2566111,120.0,,
N1,72,link,link,20.9531667,92.2562778,93.0,,
N1,73,link,link,20.9538889,92.2559722,336.0,,
N1,74,link,link,20.9566667,92.2548056,170.0,,
N1,75,link,link,20.9580833,92.2543056,302.0,,
N1,76,link,link,20.9606389,92.2535,168.0,,
N1,77,link,link,20.9620556,92.2530556,31.0,,
N1,78,link,link,20.9622778,92.2528889,323.0,,
N1,79,link,link,20.9648611,92.2515278,337.0,,
N1,80,link,link,20.9671104,92.2494441,42.0,,
N1,81,link,link,20.9673604,92.2491663,119.0,,
N1,82,link,link,20.9682771,92.2488052,174.0,,
N1,83,link,link,20.9697216,92.2485552,861.0,,
N1,84,link,link,20.9769438,92.2502222,76.0,,
N1,85,link,link,20.9775827,92.2506111,32.0,,
N1,86,link,link,20.9778049,92.25075,892.0,,
N1,87,link,link,20.9852774,92.2536389,277.0,,
N1,88,link,link,20.9875274,92.2545556,742.0,,
N1,89,link,link,20.9940274,92.2546111,34.0,,
N1,90,link,link,20.9942497,92.2545278,503.0,,
N1,91,link,link,20.9986386,92.2538889,50.0,,
N1,92,link,link,20.9990274,92.2537778,445.0,,
N1,93,link,link,21.0029444,92.2531944,424.0,,
N1,94,link,link,21.0064444,92.2520833,201.0,,
N1,95,link,link,21.0078889,92.251,316.0,,
N1,96,link,link,21.0101389,92.2492497,91.0,,
N1,97,link,link,21.0107222,92.2487219,607.0,,
N1,98,link,link,21.0150833,92.245333,256.0,,
N1,99,link,link,21.0169993,92.2440274,207.0,,
N1,100,link,link,21.0186104,92.2431386,484.0,,
N1,101,link,link,21.0226104,92.2420552,35.0,,
N1,102,link,link,21.0228882,92.2420274,244.0,,
N1,103,link,link,21.0249993,92.2418608,209.0,,
N1,104,link,link,21.0269438,92.2416941,354.0,,
N1,105,link,link,21.0300549,92.2413608,233.0,,
N1,106,link,link,21.0321104,92.241083,203.0,,
N1,107,link,link,21.0338608,92.2407774,271.0,,
N1,108,link,link,21.0360552,92.2398608,41.0,,
N1,109,link,link,21.0363608,92.2396941,540.0,,
N1,110,link,link,21.0407497,92.2374997,397.0,,
N1,111,link,link,21.0439163,92.2359441,87.0,,
N1,112,link,link,21.0446941,92.2356941,381.0,,
N1,113,link,link,21.0479441,92.2346386,328.0,,
N1,114,link,link,21.0507222,92.2338608,189.0,,
N1,115,link,link,21.0512778,92.2323327,64.0,,
N1,116,link,link,21.0513056,92.2317493,125.0,,
N1,117,link,link,21.0513611,92.2305827,38.0,,
N1,118,link,link,21.0513611,92.2302493,648.0,,
N1,119,link,link,21.0549722,92.2268049,184.0,,
N1,120,link,link,21.0565833,92.2266104,342.0,,
N1,121,link,link,21.0596667,92.2263882,15.0,,
N1,122,link,link,21.0597778,92.2263882,204.0,,
N1,123,link,link,21.0615556,92.2262771,188.0,,
N1,124,link,link,21.063,92.2254993,261.0,,
N1,125,link,link,21.0650556,92.2245271,78.0,,
N1,126,link,link,21.0655833,92.2245549,146.0,,
N1,127,link,link,21.0668882,92.2246104,250.0,,
N1,128,link,link,21.0691104,92.2246382,312.0,,
N1,129,link,link,21.071666,92.2242216,182.0,,
N1,130,link,link,21.0728327,92.2232216,110.0,,
N1,131,link,link,21.0735271,92.2226104,146.0,,
N1,132,link,link,21.0745271,92.2220549,259.0,,
N1,133,link,link,21.0765549,92.2209993,260.0,,
N1,134,link,link,21.077916,92.2189993,59.0,,
N1,135,link,link,21.0783327,92.2186382,261.0,,
N1,136,link,link,21.0803049,92.2174993,105.0,,
N1,137,link,link,21.0811104,92.2169438,333.0,,
N1,138,link,link,21.0838608,92.2161111,253.0,,
N1,139,link,link,21.0859441,92.2153889,68.0,,
N1,140,link,link,21.0864997,92.2151111,346.0,,
N1,141,link,link,21.0891941,92.2135,144.0,,
N1,142,link,link,21.090333,92.2129444,235.0,,
N1,143,link,link,21.0923052,92.2123333,158.0,,
N1,144,link,link,21.0936663,92.2119444,36.0,,
N1,145,link,link,21.0939441,92.2118611,399.0,,
N1,146,link,link,21.097333,92.2106111,28.0,,
N1,147,link,link,21.0975552,92.2105,285.0,,
N1,148,link,link,21.0996386,92.2091667,220.0,,
N1,149,link,link,21.1012778,92.2081389,172.0,,
N1,150,link,link,21.1026389,92.2077778,207.0,,
N1,151,link,link,21.1043611,92.2075278,120.0,,
N1,152,link,link,21.1053611,92.2073889,64.0,,
N1,153,link,link,21.1058333,92.20725,70.0,,
N1,154,link,link,21.1078333,92.2069444,198.0,,
N1,155,link,link,21.1078333,92.2058611,430.0,,
N1,156,link,link,21.1090556,92.2045278,315.0,,
N1,157,link,link,21.1118611,92.2006389,47.0,,
N1,158,link,link,21.1121111,92.2002778,377.0,,
N1,159,link,link,21.1146111,92.1979719,78.0,,
N1,160,link,link,21.1151667,92.1975552,87.0,,
N1,161,link,link,21.1158333,92.1971386,39.0,,
N1,162,link,link,21.1161389,92.1969997,51.0,,
N1,163,link,link,21.1165,92.1969163,127.0,,
N1,164,link,link,21.1175827,92.1966663,193.0,,
N1,165,link,link,21.1190827,92.1960274,111.0,,
N1,166,link,link,21.1198604,92.1954719,283.0,,
N1,167,link,link,21.1214993,92.1935552,85.0,,
N1,168,link,link,21.122166,92.1931941,113.0,,
N1,169,link,link,21.1229993,92.1926663,134.0,,
N1,170,link,link,21.1239993,92.1919997,41.0,,
N1,171,link,link,21.1242771,92.1918886,337.0,,
N1,172,link,link,21.1268327,92.1902774,12.0,,
N1,173,link,link,21.1269438,92.1902219,666.0,,
N1,174,link,link,21.1309716,92.1856941,174.0,,
N1,175,link,link,21.1319716,92.1846108,160.0,,
N1,176,link,link,21.1326938,92.183333,97.0,,
N1,177,link,link,21.1329438,92.1824438,176.0,,
N1,178,link,link,21.1333608,92.1808327,17.0,,
N1,179,link,link,21.1333886,92.1806938,494.0,,
N1,180,link,link,21.1353886,92.1770827,213.0,,
N1,181,link,link,21.1363608,92.1755549,32.0,,
N1,182,link,link,21.1363886,92.1752493,128.0,,
N1,183,link,link,21.1367219,92.1741382,30.0,,
N1,184,link,link,21.1368886,92.173916,120.0,,
N1,185,link,link,21.1371108,92.1727771,200.0,,
N1,186,link,link,21.1372219,92.1708882,271.0,,
N1,187,link,link,21.1375552,92.1683049,131.0,,
N1,188,link,link,21.137833,92.1671104,123.0,,
N1,189,link,link,21.1379719,92.1659167,116.0,,
N1,190,link,link,21.1381108,92.1648611,603.0,,
N1,191,link,link,21.1410552,92.1602222,61.0,,
N1,192,link,link,21.1414997,92.1599167,248.0,,
N1,193,link,link,21.1435274,92.1589722,81.0,,
N1,194,link,link,21.1441663,92.1586944,19.0,,
N1,195,link,link,21.1442774,92.1586389,369.0,,
N1,196,link,link,21.147333,92.1574167,538.0,,
N1,197,link,link,21.1507222,92.1545,198.0,,
N1,198,link,link,21.1521944,92.1535278,212.0,,
N1,199,link,link,21.1537778,92.1528611,217.0,,
N1,200,link,link,21.1556389,92.1527778,355.0,,
N1,201,link,link,21.1586667,92.1525,73.0,,
N1,202,link,link,21.1593056,92.1526111,21.0,,
N1,203,link,link,21.1595,92.1526111,108.0,,
N1,204,link,link,21.1604167,92.1525,236.0,,
N1,205,link,link,21.1624722,92.1522778,89.0,,
N1,206,link,link,21.16325,92.1522222,195.0,,
N1,207,link,link,21.1649444,92.1521944,32.0,,
N1,208,link,link,21.1652222,92.1521667,253.0,,
N1,209,link,link,21.1673327,92.1524167,65.0,,
N1,210,link,link,21.1677216,92.1527778,110.0,,
N1,211,link,link,21.168416,92.1532778,155.0,,
N1,212,link,link,21.1694993,92.1543056,48.0,,
N1,213,link,link,21.1698049,92.1545833,243.0,,
N1,214,link,link,21.1718327,92.1551389,282.0,,
N1,215,link,link,21.1742771,92.1557222,243.0,,
N1,216,link,link,21.1761938,92.1566111,291.0,,
N1,217,link,link,21.178666,92.1574722,699.0,,
N1,218,link,link,21.1843052,92.1594167,233.0,,
N1,219,link,link,21.185833,92.1609167,23.0,,
N1,220,link,link,21.1859441,92.1610833,313.0,,
N1,221,link,link,21.1866386,92.1638056,457.0,,
N1,222,link,link,21.1897497,92.166666,173.0,,
N1,223,link,link,21.1906108,92.167916,261.0,,
N1,224,link,link,21.1923052,92.1695271,42.0,,
N1,225,link,link,21.1925552,92.1697216,484.0,,
N1,226,link,link,21.1965552,92.1708604,47.0,,
N1,227,link,link,21.1969441,92.1707493,113.0,,
N1,228,link,link,21.1977219,92.1705549,125.0,,
N1,229,link,link,21.1989997,92.1703604,248.0,,
N1,230,link,link,21.2011389,92.170416,527.0,,
N1,231,link,link,21.2056389,92.1703327,536.0,,
N1,232,link,link,21.2096944,92.168416,100.0,,
N1,233,link,link,21.2105833,92.1681382,244.0,,
N1,234,link,link,21.2127222,92.1678882,128.0,,
N1,235,link,link,21.21375,92.1674438,106.0,,
N1,236,link,link,21.2142778,92.166666,196.0,,
N1,237,link,link,21.2152778,92.1649722,303.0,,
N1,238,link,link,21.2165556,92.1626944,400.0,,
N1,239,link,link,21.2198049,92.1618611,528.0,,
N1,240,link,link,21.2243327,92.1614444,209.0,,
N1,241,link,link,21.2261382,92.1611667,265.0,,
N1,242,link,link,21.2283604,92.1617222,1010.0,,
N1,243,link,link,21.236333,92.1586667,998.0,,
N1,244,link,link,21.2357774,92.1511667,980.0,,
N1,245,link,link,21.2412497,92.1440552,302.0,,
N1,246,link,link,21.2422219,92.1415552,22.0,,
N1,247,link,link,21.242333,92.1413608,383.0,,
N1,248,link,link,21.2447497,92.1389441,300.0,,
N1,249,link,link,21.2462219,92.1364719,41.0,,
N1,250,link,link,21.2479997,92.1342219,13.0,,
N1,251,link,link,21.248083,92.1341108,781.0,,
N1,252,link,link,21.2504167,92.1307493,90.0,,
N1,253,link,link,21.2504722,92.1307493,120.0,,
N1,254,link,link,21.2521111,92.1287493,17.0,,
N1,255,link,link,21.2521944,92.1286104,276.0,,
N1,256,link,link,21.2537778,92.1266382,250.0,,
N1,257,link,link,21.2550278,92.1245827,239.0,,
N1,258,link,link,21.2565,92.1229716,13.0,,
N1,259,link,link,21.2565556,92.122916,224.0,,
N1,260,link,link,21.2580278,92.1214438,715.0,,
N1,261,link,link,21.26225,92.1163056,18.0,,
N1,262,link,link,21.2623611,92.1161667,234.0,,
N1,263,link,link,21.2637222,92.1144722,45.0,,
N1,264,link,link,21.2639722,92.1141944,14.0,,
N1,265,link,link,21.2641111,92.1140833,90.0,,
N1,266,link,link,21.2646111,92.1134444,581.0,,
N1,267,link,link,21.2677493,92.109,26.0,,
N1,268,link,link,21.2678604,92.1088333,292.0,,
N1,269,link,link,21.2694716,92.1066667,15.0,,
N1,270,link,link,21.2695827,92.1066111,996.0,,
N1,271,link,link,21.277666,92.1026111,168.0,,
N1,272,link,link,21.2790827,92.1019722,428.0,,
N1,273,link,link,21.282666,92.1006944,13.0,,
N1,274,link,link,21.282777512080536,92.10067986442952,136.0,,
N1,275,link,link,21.2839441,92.1005278,275.0,,
N1,276,link,link,21.2863608,92.1001667,964.0,,
N1,277,link,link,21.2949163,92.0994163,8.0,,
N1,278,link,link,21.2949997,92.0993886,74.0,,
N1,279,link,link,21.2956386,92.0993886,426.0,,
N1,280,link,link,21.2989441,92.0976108,555.0,,
N1,281,link,link,21.3037778,92.0968052,23.0,,
N1,282,link,link,21.3039722,92.0967497,760.0,,
N1,283,link,link,21.3101667,92.0974997,220.0,,
N1,284,link,link,21.3120278,92.0969163,24.0,,
N1,285,link,link,21.3121944,92.0966941,52.0,,
N1,286,link,link,21.3125,92.096333,713.0,,
N1,287,link,link,21.317666,92.0930274,82.0,,
N1,288,link,link,21.3177771,92.0922497,20.0,,
N1,289,link,link,21.3179438,92.0921663,115.0,,
N1,290,link,link,21.3187493,92.0916108,337.0,,
N1,291,link,link,21.3207493,92.0893052,510.0,,
N1,292,link,link,21.3238049,92.0857219,55.0,,
N1,293,link,link,21.3241104,92.085333,106.0,,
N1,294,link,link,21.324666,92.084583,829.0,,
N1,295,link,link,21.3295271,92.0789438,32.0,,
N1,296,link,link,21.3297771,92.0787771,158.0,,
N1,297,link,link,21.3311104,92.0788604,164.0,,
N1,298,link,link,21.3324716,92.0790827,657.0,,
N1,299,link,link,21.3381941,92.078916,268.0,,
N1,300,link,link,21.3404997,92.0784993,123.0,,
N1,301,link,link,21.3414997,92.0788327,535.0,,
N1,302,link,link,21.3461386,92.0789993,26.0,,
N1,303,link,link,21.3463608,92.0790271,312.0,,
N1,304,link,link,21.3490552,92.0784716,417.0,,
N1,305,link,link,21.3526667,92.0783327,305.0,,
N1,306,link,link,21.35525,92.0790827,125.0,,
N1,307,link,link,21.3563333,92.0790827,96.0,,
N1,308,link,link,21.3571944,92.0791104,64.0,,
N1,309,link,link,21.35775,92.0790271,44.0,,
N1,310,link,link,21.3580833,92.0790271,428.0,,
N1,311,link,link,21.3615,92.0806382,341.0,,
N1,312,link,link,21.3644167,92.081416,151.0,,
N1,313,link,link,21.3657222,92.0812771,64.0,,
N1,314,link,link,21.3662778,92.0810549,84.0,,
N1,315,link,link,21.3669438,92.0807771,134.0,,
N1,316,link,link,21.3678882,92.0803327,262.0,,
N1,317,link,link,21.3698327,92.0796104,206.0,,
N1,318,link,link,21.3714993,92.0785549,229.0,,
N1,319,link,link,21.3731938,92.0773327,83.0,,
N1,320,link,link,21.3736938,92.0768327,158.0,,
N1,321,link,link,21.3742493,92.0756938,16.0,,
N1,322,link,link,21.3742493,92.0755271,173.0,,
N1,323,link,link,21.3745549,92.0739716,65.0,,
N1,324,link,link,21.3747771,92.0734993,115.0,,
N1,325,link,link,21.3752493,92.0727771,165.0,,
N1,326,link,link,21.3762216,92.0718049,182.0,,
N1,327,link,link,21.3773882,92.0706104,39.0,,
N1,328,link,link,21.3775827,92.0703604,154.0,,
N1,329,link,link,21.378916,92.0703327,91.0,,
N1,330,link,link,21.3796104,92.0706104,179.0,,
N1,331,link,link,21.3811104,92.0710827,30.0,,
N1,332,link,link,21.3813049,92.0710827,168.0,,
N1,333,link,link,21.3826938,92.0710271,152.0,,
N1,334,link,link,21.3839441,92.0705827,76.0,,
N1,335,link,link,21.384583,92.0704993,153.0,,
N1,336,link,link,21.3858886,92.0704438,176.0,,
N1,337,link,link,21.3873052,92.0697771,148.0,,
N1,338,link,link,21.3885274,92.0692771,57.0,,
N1,339,link,link,21.3889441,92.0688049,18.0,,
N1,340,link,link,21.3891108,92.0686938,484.0,,
N1,341,link,link,21.393333,92.068166,435.0,,
N1,342,link,link,21.3969719,92.066916,19.0,,
N1,343,link,link,21.3971663,92.0668882,166.0,,
N1,344,link,link,21.398583,92.0665833,15.0,,
N1,345,link,link,21.3986941,92.0665556,263.0,,
N1,346,link,link,21.4008889,92.0658611,481.0,,
N1,347,link,link,21.4039167,92.0628333,157.0,,
N1,348,link,link,21.4040556,92.0619722,268.0,,
N1,349,link,link,21.4058611,92.0594167,293.0,,
N1,350,link,link,21.4067222,92.0570556,169.0,,
N1,351,link,link,21.4079722,92.056,210.0,,
N1,352,link,link,21.4090833,92.05475,180.0,,
N1,353,link,link,21.4094167,92.0531944,273.0,,
N1,354,link,link,21.4103333,92.0508333,325.0,,
N1,355,link,link,21.41025,92.0480552,243.0,,
N1,356,link,link,21.4101111,92.0458052,57.0,,
N1,357,link,link,21.4103056,92.0453052,163.0,,
N1,358,link,link,21.4111667,92.0441108,48.0,,
N1,359,link,link,21.4115,92.0438052,172.0,,
N1,360,link,link,21.4120556,92.039583,367.0,,
N1,361,link,link,21.4135833,92.0393886,235.0,,
N1,362,link,link,21.4150556,92.037833,135.0,,
N1,363,link,link,21.4156389,92.0367219,182.0,,
N1,364,link,link,21.4165,92.0353052,449.0,,
N1,365,link,link,21.4191104,92.032416,266.0,,
N1,366,link,link,21.4199716,92.0302493,326.0,,
N1,367,link,link,21.4220827,92.0278604,71.0,,
N1,368,link,link,21.4225549,92.0274438,582.0,,
N1,369,link,link,21.4258049,92.0232493,13.0,,
N1,370,link,link,21.4258604,92.023166,65.0,,
N1,371,link,link,21.4262493,92.0235827,613.0,,
N1,372,link,link,21.4298882,92.0279716,46.0,,
N1,373,link,link,21.430166,92.0283604,106.0,,
N1,374,link,link,21.430416,92.0293049,133.0,,
N1,375,link,link,21.4300827,92.0304716,141.0,,
N1,376,link,link,21.4294438,92.0316104,362.0,,
N1,377,link,link,21.4289716,92.0348608,224.0,,
N1,378,link,link,21.4296938,92.0368608,254.0,,
N1,379,link,link,21.4298049,92.0392774,500.0,,
N1,380,link,link,21.4295549,92.044083,234.0,,
N1,381,link,link,21.4287771,92.0461941,272.0,,
N1,382,link,link,21.4275271,92.0483886,18.0,,
N1,383,link,link,21.4274993,92.0484441,463.0,,
N1,384,link,link,21.4280549,92.0529444,232.0,,
N1,385,link,link,21.4280827,92.0551389,29.0,,
N1,386,link,link,21.4280549,92.0554167,238.0,,
N1,387,link,link,21.4278882,92.0576667,337.0,,
N1,388,link,link,21.4273327,92.0608333,263.0,,
N1,389,link,link,21.4270827,92.0632778,131.0,,
N1,390,link,link,21.4276938,92.0643611,739.0,,
N1,391,link,link,21.427416,92.0707216,261.0,,
N1,392,link,link,21.4267216,92.0730827,404.0,,
N1,393,link,link,21.4264716,92.0767771,384.0,,
N1,394,link,link,21.4267771,92.0804716,176.0,,
N1,395,link,link,21.4269716,92.0821104,207.0,,
N1,396,link,link,21.4271104,92.084083,561.0,,
N1,397,link,link,21.4278882,92.0893886,25.0,,
N1,398,link,link,21.427916,92.0896108,191.0,,
N1,399,link,link,21.4281104,92.0914719,284.0,,
N1,400,link,link,21.4283604,92.0941663,113.0,,
N1,401,link,link,21.4284993,92.0951941,79.0,,
N1,402,link,link,21.4290271,92.0954997,229.0,,
N1,403,link,link,21.4310271,92.0961941,285.0,,
N1,404,link,link,21.4334441,92.0969997,149.0,,
N1,405,link,link,21.434583,92.0973886,344.0,,
N1,406,link,link,21.4375552,92.0984997,467.0,,
N1,407,link,link,21.4413608,92.1003611,62.0,,
N1,408,link,link,21.4417497,92.1006667,56.0,,
N1,409,link,link,21.4421663,92.1008611,224.0,,
N1,410,link,link,21.443833,92.1014167,598.0,,
N1,411,link,link,21.4494719,92.0995274,57.0,,
N1,412,link,link,21.4496108,92.0994997,222.0,,
N1,413,link,link,21.4512778,92.0994441,422.0,,
N1,414,link,link,21.4545,92.10075,380.0,,
N1,415,link,link,21.4564722,92.1038056,969.0,,
N1,416,link,link,21.4635833,92.1029167,367.0,,
N1,417,link,link,21.4667216,92.1025,534.0,,
N1,418,link,link,21.4708049,92.1002222,59.0,,
N1,419,link,link,21.4712216,92.0998886,21.0,,
N1,420,link,link,21.4713604,92.0997497,522.0,,
N1,421,link,link,21.4750549,92.0971663,250.0,,
N1,422,link,link,21.4767771,92.0957497,358.0,,
N1,423,link,link,21.4793604,92.0938886,700.0,,
N1,424,link,link,21.4851386,92.091333,274.0,,
N1,425,link,link,21.4870274,92.0898052,986.0,,
N1,426,link,link,21.4901941,92.0818049,905.0,,
N1,427,link,link,21.4964441,92.077166,48.0,,
N1,428,link,link,21.4968608,92.0769438,89.0,,
N1,429,link,link,21.4974719,92.0765549,911.0,,
N1,430,link,link,21.505,92.0745549,284.0,,
N1,431,link,link,21.5069722,92.072916,204.0,,
N1,432,link,link,21.5083889,92.0717493,512.0,,
N1,433,link,link,21.5125556,92.0699438,27.0,,
N1,434,link,link,21.5126944,92.0698604,424.0,,
N1,435,link,link,21.5161111,92.068166,555.0,,
N1,436,link,link,21.520666,92.0661667,162.0,,
N1,437,link,link,21.5220827,92.0658611,139.0,,
N1,438,link,link,21.5233049,92.0656389,20.0,,
N1,439,link,link,21.5234716,92.0656111,344.0,,
N1,440,link,link,21.5264716,92.0651944,212.0,,
N1,441,link,link,21.5283049,92.0650833,33.0,,
N1,442,link,link,21.5294993,92.0650278,1016.0,,
N1,443,link,link,21.538333,92.0639722,887.0,,
N1,444,link,link,21.546583,92.0668327,183.0,,
N1,445,link,link,21.548083,92.0670271,46.0,,
N1,446,link,link,21.5484719,92.0670827,423.0,,
N1,447,link,link,21.5548889,92.0678049,52.0,,
N1,448,link,link,21.5553056,92.067916,196.0,,
N1,449,link,link,21.5555,92.0679716,746.0,,
N1,450,link,link,21.5608333,92.0692771,121.0,,
N1,451,link,link,21.5618056,92.0696382,135.0,,
N1,452,link,link,21.5629444,92.0700271,326.0,,
N1,453,link,link,21.564,92.0702493,694.0,,
N1,454,link,link,21.5717216,92.0718049,841.0,,
N1,455,link,link,21.5769993,92.0697216,129.0,,
N1,456,link,link,21.5791938,92.0668049,731.0,,
N1,457,link,link,21.584833,92.0652222,168.0,,
N1,458,link,link,21.5861941,92.0650278,100.0,,
N1,459,link,link,21.5875274,92.0650278,504.0,,
N1,460,link,link,21.588583,92.0633056,326.0,,
N1,461,link,link,21.59379884019608,92.06161870980392,82.0,,
N1,462,link,link,21.5951108,92.0611944,602.0,,
N1,463,link,link,21.5977219,92.0617778,341.0,,
N1,464,link,link,21.603029505025123,92.061920540201,57.0,,
N1,465,link,link,21.6039167,92.0619444,797.0,,
N1,466,link,link,21.6073056,92.0624167,180.0,,
N1,467,link,link,21.610086825,92.06399479375,140.0,,
N1,468,link,link,21.61225,92.0652222,115.0,,
N1,469,link,link,21.6150556,92.0667771,59.0,,
N1,470,link,link,21.6167771,92.0678049,51.0,,
N1,471,link,link,21.617166,92.0679993,399.0,,
N1,472,link,link,21.6197771,92.0705271,266.0,,
N1,473,link,link,21.6213604,92.0724438,734.0,,
N1,474,link,link,21.6259716,92.0773882,1028.0,,
N1,475,link,link,21.634833,92.0770271,1018.0,,
N1,476,link,link,21.6428608,92.0732216,447.0,,
N1,477,link,link,21.6468052,92.0733604,251.0,,
N1,478,link,link,21.649083,92.0733049,18.0,,
N1,479,link,link,21.6491941,92.0733049,62.0,,
N1,480,link,link,21.6497219,92.0733049,237.0,,
N1,481,link,link,21.6518056,92.0737771,784.0,,
N1,482,link,link,21.653,92.0751382,56.0,,
N1,483,link,link,21.6590556,92.0751382,176.0,,
N1,484,link,link,21.6606111,92.0750827,143.0,,
N1,485,link,link,21.6618889,92.074916,766.0,,
N1,486,link,link,21.6688327,92.0759438,96.0,,
N1,487,link,link,21.6695549,92.0760549,34.0,,
N1,488,link,link,21.6704438,92.0762771,423.0,,
N1,489,link,link,21.6742216,92.0765549,62.0,,
N1,490,link,link,21.6747493,92.0766104,417.0,,
N1,491,link,link,21.678416,92.0770827,1000.0,,
N1,492,link,link,21.6868608,92.0800827,1012.0,,
N1,493,link,link,21.6957497,92.0805827,698.0,,
N1,494,link,link,21.7013611,92.0783882,310.0,,
N1,495,link,link,21.7040556,92.0788604,489.0,,
N1,496,link,link,21.7080278,92.0800549,527.0,,
N1,497,link,link,21.7120833,92.0821104,613.0,,
N1,498,link,link,21.7169438,92.0824993,420.0,,
N1,499,link,link,21.7204716,92.0822493,148.0,,
N1,500,link,link,21.7215549,92.0830827,163.0,,
N1,501,link,link,21.7229438,92.0834719,689.0,,
N1,502,link,link,21.7290271,92.0838608,69.0,,
N1,503,link,link,21.7296382,92.083833,39.0,,
N1,504,link,link,21.7299993,92.083833,181.0,,
N1,505,link,link,21.7315827,92.0838052,680.0,,
N1,506,link,link,21.7376386,92.0834719,51.0,,
N1,507,link,link,21.738083,92.0834163,141.0,,
N1,508,link,link,21.7392497,92.0828604,865.0,,
N1,509,link,link,21.7466386,92.080916,1002.0,,
N1,510,link,link,21.7546944,92.0770271,553.0,,
N1,511,link,link,21.7596389,92.0764993,575.0,,
N1,512,link,link,21.7646389,92.075916,236.0,,
N1,513,link,link,21.7664722,92.0767771,429.0,,
N1,514,link,link,21.7693327,92.079416,311.0,,
N1,515,link,link,21.7711938,92.0816382,24.0,,
N1,516,link,link,21.7713049,92.0818327,293.0,,
N1,517,link,link,21.7732771,92.0837219,135.0,,
N1,518,link,link,21.7737216,92.0840552,195.0,,
N1,519,link,link,21.7758049,92.0851108,225.0,,
N1,520,link,link,21.7776382,92.0843886,80.0,,
N1,521,link,link,21.7782493,92.0840552,819.0,,
N1,522,link,link,21.7836941,92.0792771,180.0,,
N1,523,link,link,21.7853052,92.079166,138.0,,
N1,524,link,link,21.7864997,92.0790271,100.0,,
N1,525,link,link,21.7873886,92.0788882,775.0,,
N1,526,link,link,21.7941941,92.0783882,993.0,,
N1,527,link,link,21.8029167,92.0772771,10.0,,
N1,528,link,link,21.8030278,92.0772771,15.0,,
N1,529,link,link,21.8031389,92.0772493,156.0,,
N1,530,link,link,21.8045278,92.077166,844.0,,
N1,531,link,link,21.8119444,92.0776382,831.0,,
N1,532,link,link,21.8179716,92.073916,181.0,,
N1,533,link,link,21.8195271,92.0741382,149.0,,
N1,534,link,link,21.8208882,92.0741104,517.0,,
N1,535,link,link,21.8252771,92.0725549,48.0,,
N1,536,link,link,21.8256938,92.0723882,294.0,,
N1,537,link,link,21.8280827,92.0712771,482.0,,
N1,538,link,link,21.8322216,92.0689993,171.0,,
N1,539,link,link,21.8336663,92.0684438,314.0,,
N1,540,link,link,21.8363052,92.067416,482.0,,
N1,541,link,link,21.8399719,92.0651389,322.0,,
N1,542,link,link,21.842583,92.0638611,213.0,,
N1,543,link,link,21.8441386,92.0628056,765.0,,
N1,544,link,link,21.8505,92.0609444,229.0,,
N1,545,link,link,21.8526111,92.0609722,21.0,,
N1,546,link,link,21.85275,92.0609722,724.0,,
N1,547,link,link,21.8592222,92.0604444,59.0,,
N1,548,link,link,21.8597222,92.0602778,222.0,,
N1,549,link,link,21.8616389,92.0596111,93.0,,
N1,550,link,link,21.8625,92.0595,907.0,,
N1,551,link,link,21.8704993,92.0591389,501.0,,
N1,552,link,link,21.874916,92.0591111,508.0,,
N1,553,link,link,21.879416,92.0590833,179.0,,
N1,554,link,link,21.8810271,92.0589722,833.0,,
N1,555,link,link,21.8883886,92.0600833,282.0,,
N1,556,link,link,21.8908886,92.0596667,661.0,,
N1,557,link,link,21.89646793301105,92.06108684571824,63.0,,
N1,558,link,link,21.8969997,92.0612222,565.0,,
N1,559,link,link,21.9031667,92.0611667,308.0,,
N1,560,link,link,21.9059444,92.0609167,270.0,,
N1,561,link,link,21.9083889,92.0605278,511.0,,
N1,562,link,link,21.9128611,92.0606667,223.0,,
N1,563,link,link,21.9148333,92.0604722,147.0,,
N1,564,link,link,21.9160833,92.0601389,303.0,,
N1,565,link,link,21.9177216,92.0597778,585.0,,
N1,566,link,link,21.9235827,92.0585,673.0,,
N1,567,link,link,21.9296104,92.0592778,264.0,,
N1,568,link,link,21.931666,92.0603611,78.0,,
N1,569,link,link,21.9322216,92.06075,157.0,,
N1,570,link,link,21.9333608,92.0614167,253.0,,
N1,571,link,link,21.9354441,92.0623056,615.0,,
N1,572,link,link,21.940583,92.0643889,539.0,,
N1,573,link,link,21.9446663,92.0668049,461.0,,
N1,574,link,link,21.9489441,92.0675271,303.0,,
N1,575,link,link,21.9514444,92.0678604,21.0,,
N1,576,link,link,21.9516111,92.0678604,521.0,,
N1,577,link,link,21.9569167,92.0673327,85.0,,
N1,578,link,link,21.9578333,92.0665833,352.0,,
N1,579,link,link,21.9590833,92.0653889,372.0,,
N1,580,link,link,21.9618611,92.0634444,21.0,,
N1,581,link,link,21.9620278,92.0633611,255.0,,
N1,582,link,link,21.9654167,92.0625556,265.0,,
N1,583,link,link,21.967666,92.0635,564.0,,
N1,584,link,link,21.9720827,92.0657222,171.0,,
N1,585,link,link,21.9729438,92.0670827,1017.0,,
N1,586,link,link,21.9781104,92.0739993,133.0,,
N1,587,link,link,21.9789716,92.0747493,342.0,,
N1,588,link,link,21.9798882,92.0778327,254.0,,
N1,589,link,link,21.9810549,92.0799438,25.0,,
N1,590,link,link,21.9811104,92.0800271,265.0,,
N1,591,link,link,21.9829716,92.0817771,389.0,,
N1,592,link,link,21.9860552,92.0834441,24.0,,
N1,593,link,link,21.9862219,92.0835274,406.0,,
N1,594,link,link,21.9893886,92.085333,160.0,,
N1,595,link,link,21.9907219,92.0858608,19.0,,
N1,596,link,link,21.9908886,92.0859163,60.0,,
N1,597,link,link,21.9913886,92.086083,434.0,,
N1,598,link,link,21.9950552,92.0872774,17.0,,
N1,599,link,link,21.9951108,92.0873608,547.0,,
N1,600,link,link,21.999833,92.0879997,16.0,,
N1,601,link,link,21.9999441,92.0880274,540.0,,
N1,602,link,link,22.0039167,92.0904163,465.0,,
N1,603,link,link,22.0074167,92.0924997,49.0,,
N1,604,link,link,22.0077222,92.0927497,930.0,,
N1,605,link,link,22.0153056,92.094833,923.0,,
N1,606,link,link,22.0205549,92.1015,14.0,,
N1,607,link,link,22.020666,92.1015556,899.0,,
N1,608,link,link,22.0283327,92.1031944,19.0,,
N1,609,link,link,22.0284438,92.1032778,55.0,,
N1,610,link,link,22.028916,92.1035556,378.0,,
N1,611,link,link,22.0320827,92.1041667,567.0,,
N1,612,link,link,22.037083,92.1039722,97.0,,
N1,613,link,link,22.0379163,92.104,695.0,,
N1,614,link,link,22.0434441,92.1063056,136.0,,
N1,615,link,link,22.0443052,92.1073056,95.0,,
N1,616,link,link,22.0449719,92.1078333,439.0,,
N1,617,link,link,22.0486386,92.1082222,330.0,,
N1,618,link,link,22.0516944,92.1090278,62.0,,
N1,619,link,link,22.0522778,92.1091111,515.0,,
N1,620,link,link,22.0568611,92.1090833,423.0,,
N1,621,link,link,22.0604722,92.1078611,9.0,,
N1,622,link,link,22.0605556,92.1078056,380.0,,
N1,623,link,link,22.0638611,92.1070833,45.0,,
N1,624,link,link,22.0641667,92.107,566.0,,
N1,625,link,link,22.0686938,92.10525,177.0,,
N1,626,link,link,22.0698049,92.104,33.0,,
N1,627,link,link,22.0699438,92.1038333,704.0,,
N1,628,link,link,22.0752216,92.1001944,700.0,,
N1,629,link,link,22.081166,92.0982774,300.0,,
N1,630,link,link,22.0826104,92.0958886,418.0,,
N1,631,link,link,22.0844441,92.0924997,546.0,,
N1,632,link,link,22.0876941,92.088583,956.0,,
N1,633,link,link,22.092833,92.0812493,222.0,,
N1,634,link,link,22.0942219,92.0798604,612.0,,
N1,635,link,link,22.097583,92.0752216,30.0,,
N1,636,link,link,22.0977497,92.0750271,250.0,,
N1,637,link,link,22.0993052,92.0743604,112.0,,
N1,638,link,link,22.1021667,92.0740549,558.0,,
N1,639,link,link,22.1062222,92.0738049,718.0,,
N1,640,link,link,22.1133056,92.0726938,282.0,,
N1,641,link,link,22.1151944,92.072416,601.0,,
N1,642,link,link,22.1208049,92.0719438,389.0,,
N1,643,link,link,22.123666,92.0716382,10.0,,
N1,644,link,link,22.1240271,92.0715827,485.0,,
N1,645,link,link,22.1282771,92.070916,31.0,,
N1,646,link,link,22.1285271,92.0708604,224.0,,
N1,647,link,link,22.1304716,92.0704993,61.0,,
N1,648,link,link,22.1308049,92.070416,119.0,,
N1,649,link,link,22.1320549,92.0701938,161.0,,
N1,650,link,link,22.1334441,92.0700827,501.0,,
N1,651,link,link,22.1379163,92.0698882,303.0,,
N1,652,link,link,22.1406663,92.0697771,951.0,,
N1,653,link,link,22.1491386,92.0696104,206.0,,
N1,654,link,link,22.1508889,92.069666,9.0,,
N1,655,link,link,22.1509722,92.0696938,664.0,,
N1,656,link,link,22.156,92.0701104,268.0,,
N1,657,link,link,22.1580556,92.0686104,217.0,,
N1,658,link,link,22.1596667,92.0674716,515.0,,
N1,659,link,link,22.1629722,92.0641944,1000.0,,
N1,660,link,link,22.1652222,92.0548889,1000.0,,
N1,661,link,link,22.1735827,92.0534167,179.0,,
N1,662,link,link,22.1750827,92.0528611,821.0,,
N1,663,link,link,22.1822771,92.0513889,1013.0,,
N1,664,link,link,22.1897497,92.046583,313.0,,
N1,665,link,link,22.1917219,92.0453608,700.0,,
N1,666,link,link,22.1977774,92.0433886,1094.0,,
N1,667,link,link,22.2054167,92.0380274,105.0,,
N1,668,link,link,22.2058889,92.0371386,12.0,,
N1,669,link,link,22.2059444,92.0370274,286.0,,
N1,670,link,link,22.2080278,92.0357774,55.0,,
N1,671,link,link,22.2084444,92.0356663,542.0,,
N1,672,link,link,22.2116111,92.0318049,237.0,,
N1,673,link,link,22.2131389,92.0304993,515.0,,
N1,674,link,link,22.2170549,92.0281382,248.0,,
N1,675,link,link,22.2192493,92.0278882,539.0,,
N1,676,link,link,22.2240271,92.0270827,437.0,,
N1,677,link,link,22.2277771,92.0259438,12.0,,
N1,678,link,link,22.2278882,92.025916,12.0,,
N1,679,link,link,22.227916,92.0258882,216.0,,
N1,680,link,link,22.2315827,92.0249438,14.0,,
N1,681,link,link,22.2316938,92.0248882,179.0,,
N1,682,link,link,22.2327771,92.0245549,385.0,,
N1,683,link,link,22.236083,92.0234716,139.0,,
N1,684,link,link,22.2371941,92.0230549,479.0,,
N1,685,link,link,22.2410552,92.0215271,602.0,,
N1,686,link,link,22.2449997,92.019166,657.0,,
N1,687,link,link,22.249333,92.0152778,343.0,,
N1,688,link,link,22.2517222,92.0133333,329.0,,
N1,689,link,link,22.2538611,92.01125,268.0,,
N1,690,link,link,22.2557222,92.0096111,403.0,,
N1,691,link,link,22.259,92.0081389,126.0,,
N1,692,link,link,22.2600833,92.0075556,234.0,,
N1,693,link,link,22.26210145564516,92.00708382580645,14.0,,
N1,694,link,link,22.2622222,92.0070556,626.0,,
N1,695,link,link,22.2676104,92.0058056,516.0,,
N1,696,link,link,22.2722493,92.0055278,270.0,,
N1,697,link,link,22.2745827,92.0053056,214.0,,
N1,698,link,link,22.2761938,92.0043889,925.0,,
N1,699,link,link,22.2820549,91.9986663,270.0,,
N1,700,link,link,22.2836386,91.9967497,600.0,,
N1,701,link,link,22.2862497,91.9916941,25.0,,
N1,702,link,link,22.2863052,91.991583,72.0,,
N1,703,link,link,22.286583,91.9911108,303.0,,
N1,704,link,link,22.2878052,91.9883886,773.0,,
N1,705,link,link,22.291833,91.9823327,21.0,,
N1,706,link,link,22.292083,91.9822493,146.0,,
N1,707,link,link,22.2933608,91.9821104,60.0,,
N1,708,link,link,22.2934997,91.9816382,266.0,,
N1,709,link,link,22.295333,91.9803049,166.0,,
N1,710,link,link,22.2956941,91.9787493,568.0,,
N1,711,link,link,22.2979441,91.973916,1000.0,,
N1,712,link,link,22.3009167,91.9648889,22.0,,
N1,713,link,link,22.3009444,91.9646667,52.000000000029104,,
N1,714,link,link,22.3010278,91.9641667,925.9999999999709,,
N1,715,link,link,22.3025,91.9553889,1000.0,,
N1,716,link,link,22.3067222,91.9491941,392.9999999999709,,
N1,717,link,link,22.3098611,91.9477219,618.0,,
N1,718,link,link,22.3136389,91.9438886,1000.0,,
N1,719,link,link,22.31375,91.9345274,250.0,,
N1,720,link,link,22.3137778,91.9322216,750.0,,
N1,721,link,link,22.3155556,91.9253882,190.0,,
N1,722,link,link,22.3158889,91.9235827,121.0000000000291,,
N1,723,link,link,22.3156389,91.9224993,521.0000000000291,,
N1,724,link,link,22.3124722,91.9188327,167.9999999999709,,
N1,725,link,link,22.3114167,91.9176382,273.0,,
N1,726,link,link,22.3096944,91.91575,424.0,,
N1,727,link,link,22.3070556,91.9128056,303.0,,
N1,728,link,link,22.3053611,91.9106389,872.0,,
N1,729,link,link,22.3029722,91.9025,103.0,,
N1,730,link,link,22.3027222,91.9015556,454.0,,
N1,731,link,link,22.3015833,91.897333,173.0,,
N1,732,link,link,22.3005833,91.892833,441.0,,
N1,733,link,link,22.3,91.8915552,559.0,,
N1,734,link,link,22.2985552,91.886333,689.0,,
N1,735,link,link,22.2983886,91.885583,263.0,,
N1,736,link,link,22.2951108,91.8781104,54.0,,
N1,737,link,link,22.2949163,91.877666,67.0,,
N1,738,link,link,22.2946386,91.8770827,262.0,,
N1,739,link,link,22.293583,91.8748604,447.0,,
N1,740,link,link,22.2916108,91.8711382,170.0,,
N1,741,link,link,22.2916663,91.8696382,51.0,,
N1,742,link,link,22.2919441,91.8693327,427.0,,
N1,743,link,link,22.2950274,91.8671938,568.0,,
N1,744,link,link,22.2998886,91.8655833,293.0,,
N1,745,link,link,22.3021667,91.8639444,309.0,,
N1,746,link,link,22.3043056,91.8621667,400.0,,
N1,747,link,link,22.3071944,91.8598611,147.0,,
N1,748,link,link,22.30825,91.8589722,327.0,,
N1,749,link,link,22.3106111,91.8570833,30.0,,
N1,750,link,link,22.3108333,91.8570278,496.0,,
N1,751,link,link,22.3148889,91.8553889,45.0,,
N1,752,link,link,22.3152222,91.8553333,16.0,,
N1,753,link,link,22.3153611,91.8553056,702.0,,
N1,754,link,link,22.3212771,91.8536111,178.0,,
N1,755,link,link,22.3228327,91.8535556,791.0,,
N1,756,link,link,22.3297493,91.8521111,209.0,,
N1,757,link,link,22.3314716,91.8515556,776.0,,
N1,758,link,link,22.3370274,91.8545278,47.0,,
N1,759,link,link,22.3373886,91.8542778,80.0,,
N1,760,link,link,22.3380274,91.8538889,45.0,,
N1,761,link,link,22.338362487628867,91.853695585567,52.0,,
N1,762,link,link,22.3387497,91.8534722,407.0,,
N1,763,link,link,22.3423608,91.8530833,44.0,,
N1,764,link,link,22.3427219,91.8531389,549.0,,
N1,765,link,link,22.3473886,91.8519444,915.0,,
N1,766,link,link,22.3553889,91.8530556,14.0,,
N1,767,link,link,22.3555,91.8530833,71.0,,
N1,768,link,link,22.3561111,91.8531667,831.0,,
N1,769,link,link,22.3632778,91.8514722,169.0,,
N1,770,link,link,22.3646111,91.8508333,393.0,,
N1,771,link,link,22.3644444,91.8511111,8309.0,,
N1,772,link,link,22.3586667,91.7822771,193.0,,
N1,773,link,link,22.3691382,91.777666,555.0,,
N1,774,link,link,22.369166,91.7741938,545.0,,
N1,775,bridge,bridge,22.3696841276595,91.7739258709219,3.0,A,CORNAIL HAT BOX CULVERT
N1,776,link,link,22.3762254893617,91.77054326631206,19.0,,
N1,777,link,link,22.3764716,91.770416,436.0,,
N1,778,link,link,22.379166,91.7675827,375.0,,
N1,779,bridge,bridge,22.3797011826666,91.7670476533333,8.3,A,GLAXO BOX CULVERT
N1,780,link,link,22.3815271,91.7652222,625.0,,
N1,781,bridge,bridge,22.38524588272,91.76250565776,3.0,A,PAKKA MATA BOX CULVERT
N1,782,link,link,22.3861663,91.7618333,314.0,,
N1,783,link,link,22.3887497,91.7607222,59.0,,
N1,784,link,link,22.3892497,91.7605,351.0,,
N1,785,link,link,22.3921108,91.75925,217.0,,
N1,786,bridge,bridge,22.3927175345622,91.7590882138248,18.0,A,GAMMON BRIDGE
N1,787,link,link,22.3937774,91.7588056,59.0,,
N1,788,link,link,22.3944997,91.7586944,489.0,,
N1,789,bridge,bridge,22.3963398830265,91.7582551580777,3.0,A,T. B HOSPITAL GATE BOX CULVERT
N1,790,link,link,22.3988052,91.7576667,7.0,,
N1,791,link,link,22.3988608,91.7576667,104.0,,
N1,792,link,link,22.3996108,91.7573333,400.0,,
N1,793,bridge,bridge,22.4030145445,91.75657411625,5.0,A,VATIARI CULVERT
N1,794,link,link,22.4032222,91.7565278,592.0,,
N1,795,link,link,22.40839921010101,91.75514357643098,2.0,,
N1,796,link,link,22.4084167,91.7551389,206.0,,
N1,797,link,link,22.4101111,91.7544444,200.0,,
N1,798,link,link,22.4119167,91.7543611,797.0,,
N1,799,link,link,22.4182771,91.7506667,38.0,,
N1,800,link,link,22.4185549,91.7504722,165.0,,
N1,801,link,link,22.4198882,91.7497774,1000.0,,
N1,802,bridge,bridge,22.4220415536,91.7480209792,35.1,B,DHAMAKHALI BRIDGE
N1,803,link,link,22.4269716,91.7439997,449.0,,
N1,804,link,link,22.4304438,91.7417219,43.0,,
N1,805,link,link,22.4307493,91.7415274,311.0,,
N1,806,link,link,22.4333049,91.7403608,137.0,,
N1,807,link,link,22.4349719,91.7396941,925.0,,
N1,808,bridge,bridge,22.4350737918918,91.7396527192432,40.0,A,VATERIE BRIDGE
N1,809,bridge,bridge,22.4375035216216,91.7386659473513,3.0,A,HASNA BAD BOX CULVERT
N1,810,link,link,22.4422219,91.7367497,31.0,,
N1,811,link,link,22.4424997,91.7366663,104.0,,
N1,812,link,link,22.4433886,91.7364163,1000.0,,
N1,813,bridge,bridge,22.4460793332411,91.7353674287057,26.3,C,SALAKHARPAD BRIDGE
N1,814,bridge,bridge,22.4488628503871,91.7342823894358,3.0,A,KODOM RASUL BOX CULVERT
N1,815,link,link,22.451823500442476,91.7331283022124,808.0,,
N1,816,link,link,22.4586389,91.7304716,26.0,,
N1,817,link,link,22.4588333,91.7303604,184.0,,
N1,818,link,link,22.4603056,91.7295827,1000.0,,
N1,819,bridge,bridge,22.4624386352,91.7285307,23.2,B,SHLAKHAR PAD BRIDGE
N1,820,link,link,22.468416,91.7255827,136.0,,
N1,821,link,link,22.4694438,91.7250549,883.0,,
N1,822,bridge,bridge,22.4728530893544,91.7232633541336,6.0,A,HATIBORI BOX CULVERT
N1,823,link,link,22.4765271,91.7213327,89.0,,
N1,824,link,link,22.4773049,91.7211104,25.0,,
N1,825,link,link,22.4775271,91.7210549,601.0,,
N1,826,bridge,bridge,22.4811642144766,91.7203633632516,23.2,B,MUDDO SONAISORI BRIDGE
N1,827,link,link,22.48280706570156,91.72005100244988,297.0,,
N1,828,link,link,22.4854163,91.7195549,174.0,,
N1,829,bridge,bridge,22.4855480068965,91.7195309517241,4.5,A,BARAOWLLA BOX CULVERT
N1,830,link,link,22.4869441,91.7192771,887.0,,
N1,831,bridge,bridge,22.4904405976324,91.7182726733934,3.0,B,GORA MARI BOX CULVERT
N1,832,link,link,22.494583,91.7170827,296.0,,
N1,833,link,link,22.4968052,91.7156389,19.0,,
N1,834,link,link,22.4969163,91.7155556,685.0,,
N1,835,bridge,bridge,22.5000858335766,91.7141504905109,17.6,A,GORA MARA RCC GIRDER BRIDGE
N1,836,link,link,22.5025556,91.7130556,57.0,,
N1,837,link,link,22.503,91.7128056,530.0,,
N1,838,bridge,bridge,22.5060220437735,91.7112848218867,4.5,A,ROYL CIMINT GATE CULVETRT
N1,839,link,link,22.5073056,91.7106389,18.0,,
N1,840,link,link,22.5074444,91.7105556,239.0,,
N1,841,link,link,22.5093611,91.7096944,12.0,,
N1,842,link,link,22.5094444,91.7096389,144.0,,
N1,843,link,link,22.5106111,91.7090833,262.0,,
N1,844,bridge,bridge,22.5113471164122,91.7087907889313,27.0,C,BORO KUMIRA BRIDGE
N1,845,link,link,22.5127778,91.7082222,41.0,,
N1,846,link,link,22.5131389,91.7080833,194.0,,
N1,847,link,link,22.5147222,91.7074444,182.0,,
N1,848,link,link,22.5161667,91.70675,45.0,,
N1,849,link,link,22.5165556,91.7065833,276.0,,
N1,850,link,link,22.5187216,91.7055556,65.0,,
N1,851,link,link,22.51926540722891,91.70540328072288,18.0,,
N1,852,link,link,22.519416,91.7053611,957.0,,
N1,853,bridge,bridge,22.5229359167189,91.7038366163009,16.3,B,KYSTELGATE ARCH
N1,854,link,link,22.5273049,91.7019444,910.0,,
N1,855,bridge,bridge,22.5303678038461,91.7004641228571,3.0,A,GULAM JUTE MILE BOX CULVERT
N1,856,link,link,22.5347774,91.698333,90.0,,
N1,857,link,link,22.5354997,91.6979441,882.0,,
N1,858,bridge,bridge,22.5390300234693,91.6965452744898,8.2,A,SOTTANA MONDIR CULVERT
N1,859,link,link,22.5428608,91.6950274,119.0,,
N1,860,link,link,22.5438886,91.6945274,825.0,,
N1,861,bridge,bridge,22.5444897756363,91.6941310785454,5.2,A,DOKHIN BASH-KHALI BOX CULVERT
N1,862,bridge,bridge,22.5467727210909,91.6926260603636,3.0,A,SOUTH BALSH KHALI BOX CULVERT
N1,863,link,link,22.5501667,91.6903886,31.0,,
N1,864,link,link,22.5503056,91.6902774,144.0,,
N1,865,link,link,22.5514167,91.6896941,939.0,,
N1,866,bridge,bridge,22.5543319776357,91.6887963149094,21.6,B,BARSH BARIA BRIDGE
N1,867,bridge,bridge,22.5585210862619,91.687506242492,4.1,A,OHIDPUR BOX CULVERT
N1,868,link,link,22.5594444,91.6872219,316.0,,
N1,869,link,link,22.5624722,91.6863608,217.0,,
N1,870,link,link,22.564,91.6859441,14.0,,
N1,871,link,link,22.5641389,91.6859163,275.0,,
N1,872,bridge,bridge,22.5664212916363,91.6851826636363,4.5,A,R. R TEXTAIL BOX CULVERT
N1,873,link,link,22.5664722,91.6851663,178.0,,
N1,874,link,link,22.5679716,91.6846941,605.0,,
N1,875,bridge,bridge,22.5679968064462,91.6846866604958,8.2,A,CHARA KANDI BOX CULVERT
N1,876,bridge,bridge,22.5702905930578,91.6840096656198,3.0,A,PHPMORE BON CULVERT
N1,877,link,link,22.5730549,91.6831938,18.0,,
N1,878,link,link,22.5731938,91.6830827,377.0,,
N1,879,link,link,22.5763604,91.6818049,183.0,,
N1,880,bridge,bridge,22.5767930229508,91.68162274153,10.2,A,BARO-CUNDHOW BOX CULVERT
N1,881,link,link,22.5779438,91.6811382,331.0,,
N1,882,link,link,22.580666,91.6799438,343.0,,
N1,883,bridge,bridge,22.5815086746355,91.6795390413994,2.5,A,BAROGINDO CULVERT
N1,884,link,link,22.5834997,91.6785827,26.0,,
N1,885,link,link,22.5836663,91.6784716,117.0,,
N1,886,link,link,22.584583,91.6780827,757.0,,
N1,887,bridge,bridge,22.5870350167767,91.6770444686922,22.25,C,BAROCONDO BRIDGE
N1,888,link,link,22.5907497,91.6754716,408.0,,
N1,889,bridge,bridge,22.5938881803921,91.6738889367647,4.5,A,HATILOTA BOX CULVERT
N1,890,link,link,22.5939997,91.6738327,25.0,,
N1,891,link,link,22.5942219,91.6737771,681.0,,
N1,892,bridge,bridge,22.5971665766519,91.671819207489,9.3,B,SKM BOX CULVERT(1)
N1,893,link,link,22.5994441,91.6703049,49.0,,
N1,894,link,link,22.6000556,91.6699438,115.0,,
N1,895,link,link,22.601,91.6692771,130.0,,
N1,896,link,link,22.6015833,91.6688327,952.0,,
N1,897,bridge,bridge,22.6023506949579,91.6683367336134,4.5,B,KALIAVA BOX CULVERT
N1,898,bridge,bridge,22.6038394411764,91.6673745588235,2.95,A,DOKHIN MOHADEB PUR BOX CULVERT
N1,899,link,link,22.6088889,91.6641111,72.0,,
N1,900,link,link,22.6094444,91.6638333,372.0,,
N1,901,bridge,bridge,22.6117556741935,91.6625686731182,3.0,A,MADICAL MORE CULVERT
N1,902,link,link,22.6123889,91.6622222,612.0,,
N1,903,bridge,bridge,22.6149899686274,91.6602670503268,4.6,A,DULAHAJRA(R)
N1,904,link,link,22.6168604,91.6588611,16.0,,
N1,905,link,link,22.6169716,91.65875,91.0,,
N1,906,link,link,22.6175271,91.65825,253.0,,
N1,907,bridge,bridge,22.6177563490118,91.6580589438735,3.0,A,MOHADAB PUR BOX CULVERT
N1,908,link,link,22.6180271,91.6578333,20.0,,
N1,909,link,link,22.6194993,91.6568889,163.0,,
N1,910,link,link,22.6206938,91.6563611,333.0,,
N1,911,bridge,bridge,22.6230461711711,91.6554672531531,3.0,A,SITAKUNDA SLAB
N1,912,link,link,22.6234716,91.6553056,219.0,,
N1,913,link,link,22.6252216,91.6545278,83.0,,
N1,914,bridge,bridge,22.6258323373493,91.6541857554217,6.1,B,UTTOR SITAKONDO BAZAR BOX CULVERT
N1,915,link,link,22.625916,91.6541389,782.0,,
N1,916,bridge,bridge,22.6281666352941,91.6527578258312,3.0,A,EGOL PUR BOX CULVERT
N1,917,link,link,22.6320271,91.6503889,135.0,,
N1,918,link,link,22.6330827,91.649833,87.0,,
N1,919,link,link,22.6338608,91.6494719,974.0,,
N1,920,bridge,bridge,22.6343285718685,91.6492077265913,3.0,A,KACHAI POTTI BOX CULVERT
N1,921,bridge,bridge,22.636096590965,91.648209240657,3.0,A,KACHAI PATH BOX CULVERT
N1,922,link,link,22.641583,91.6451108,470.0,,
N1,923,link,link,22.6452774,91.6430552,463.0,,
N1,924,bridge,bridge,22.6474561112311,91.6419171170626,12.4,A,BOTTOL BOX CULVERT
N1,925,link,link,22.6489997,91.6411108,67.0,,
N1,926,link,link,22.6494997,91.640833,411.0,,
N1,927,bridge,bridge,22.6510709547445,91.6400341194647,4.6,A,NUNA CHARA BOX CULVERT
N1,928,link,link,22.6527778,91.6391663,209.0,,
N1,929,link,link,22.6543889,91.6381386,357.0,,
N1,930,bridge,bridge,22.6547124294117,91.6379261764705,3.1,A,RONA SORA CULVERT
N1,931,link,link,22.6571389,91.636333,322.0,,
N1,932,link,link,22.6596667,91.6347219,540.0,,
N1,933,bridge,bridge,22.6615956814814,91.6335257425926,3.0,A,SATU DURUAR HAT BOX CULVERT
N1,934,link,link,22.6638333,91.6321382,138.0,,
N1,935,link,link,22.6649167,91.6315549,370.0,,
N1,936,bridge,bridge,22.6657838981081,91.6311293581081,3.0,A,MIRJA PUR (3) BOX CULVERT
N1,937,link,link,22.6678604,91.6301104,506.0,,
N1,938,bridge,bridge,22.6699594391304,91.6293531695652,3.0,A,Tarial Bazar Culvert
N1,939,link,link,22.6722493,91.6285271,131.0,,
N1,940,link,link,22.6733049,91.6280827,120.0,,
N1,941,link,link,22.6743049,91.6277493,99.0,,
N1,942,link,link,22.6751382,91.6274438,231.0,,
N1,943,link,link,22.6769438,91.6268327,670.0,,
N1,944,bridge,bridge,22.6769772991044,91.6268169453731,6.0,A,TARAT BOX CULVERT
N1,945,link,link,22.6825549,91.6241938,317.0,,
N1,946,link,link,22.685083,91.6228327,544.0,,
N1,947,bridge,bridge,22.6868697647058,91.6220385823529,3.2,A,BORO KAMALDA BOX CULVERT
N1,948,link,link,22.689583,91.6208327,98.0,,
N1,949,link,link,22.6904163,91.6205271,216.0,,
N1,950,bridge,bridge,22.6912517148148,91.6201690574074,4.2,A,VANGGARPOL BOX CULVERT
N1,951,link,link,22.6919719,91.6198604,784.0,,
N1,952,link,link,22.6984997,91.616666,220.0,,
N1,953,link,link,22.7002222,91.6157778,381.0,,
N1,954,bridge,bridge,22.701816503937,91.6149734608923,19.2,A,DUKHIN UTHPAR BOX CULVERT
N1,955,link,link,22.7033056,91.6142222,342.0,,
N1,956,link,link,22.706,91.6126944,68.0,,
N1,957,link,link,22.7065556,91.6123611,137.0,,
N1,958,link,link,22.7076111,91.6118056,607.0,,
N1,959,link,link,22.7124167,91.6090556,256.0,,
N1,960,bridge,bridge,22.7138727382812,91.6082352218749,19.2,C,ISAMATI BOX CULVERT
N1,961,link,link,22.7143889,91.6079444,215.0,,
N1,962,link,link,22.716,91.6069167,75.0,,
N1,963,link,link,22.7165556,91.6065556,260.0,,
N1,964,bridge,bridge,22.7172707342307,91.6061084846153,3.0,A,MIRZAPUR (2) BOX CULVERT
N1,965,bridge,bridge,22.7178243865384,91.6057623307692,3.0,A,MIRJAPUR BOX CULVERT
N1,966,link,link,22.7185549,91.6053056,461.0,,
N1,967,link,link,22.7221104,91.6030833,539.0,,
N1,968,bridge,bridge,22.723316755473,91.6024331404452,3.0,A,NIAZAMPUR BOX CULVERT
N1,969,link,link,22.7263882,91.6007778,988.0,,
N1,970,link,link,22.7349163,91.5979719,12.0,,
N1,971,link,link,22.7349997,91.5979441,968.0,,
N1,972,link,link,22.7433052,91.5950274,32.0,,
N1,973,link,link,22.7435552,91.5949163,768.0,,
N1,974,bridge,bridge,22.7445136523437,91.5943998915364,8.1,B,BOTHAGIA (-3) BOX CULVERT
N1,975,link,link,22.7496386,91.5916386,232.0,,
N1,976,bridge,bridge,22.7506393495689,91.5908840370689,3.0,A,VARTAGIA BOX CULVERT
N1,977,link,link,22.7513333,91.5903608,157.0,,
N1,978,link,link,22.7525,91.5894719,23.0,,
N1,979,link,link,22.7526389,91.5893608,820.0,,
N1,980,bridge,bridge,22.7535653245121,91.5886004236585,12.9,A,VARTAKA BOX CULVERT
N1,981,link,link,22.7585278,91.5845274,547.0,,
N1,982,link,link,22.7621944,91.5811382,453.0,,
N1,983,bridge,bridge,22.7630626913907,91.5804538821192,4.0,A,BOKIMTOLA BOX CULVERT
N1,984,link,link,22.7654722,91.5785549,529.0,,
N1,985,link,link,22.7661944,91.5779993,2.0,,
N1,986,link,link,22.7693604,91.5756104,469.0,,
N1,987,bridge,bridge,22.770251666098,91.5750905211087,9.7,A,IANAINIPOL BOX CULVERT.
N1,988,link,link,22.7730271,91.5734716,24.0,,
N1,989,link,link,22.7732771,91.5733604,475.0,,
N1,990,bridge,bridge,22.774197092,91.5728737519999,6.0,A,Mirsorai(2) box culvert
N1,991,link,link,22.7771104,91.5713327,486.0,,
N1,992,link,link,22.7811382,91.5696382,15.0,,
N1,993,link,link,22.7812216,91.5695827,6.0,,
N1,994,link,link,22.7813327,91.5695271,994.0,,
N1,995,bridge,bridge,22.7821968918511,91.5691025661971,23.2,B,MIRAISORI BRIDGE
N1,996,link,link,22.7893608,91.5655833,35.0,,
N1,997,link,link,22.7896108,91.5654444,472.0,,
N1,998,link,link,22.7934163,91.5633333,493.0,,
N1,999,bridge,bridge,22.7941813523326,91.5629612622718,4.5,A,MIRSARAI BOX CUL
N1,1000,link,link,22.7974719,91.5613611,845.0,,
N1,1001,link,link,22.8045833,91.5591111,155.0,,
N1,1002,link,link,22.8059444,91.5589167,2.0,,
N1,1003,link,link,22.8059722,91.5589167,252.0,,
N1,1004,link,link,22.808,91.5579167,406.0,,
N1,1005,link,link,22.8110556,91.5563889,340.0,,
N1,1006,bridge,bridge,22.811563437647,91.5562562129411,9.5,B,MUCHIPOOL CULVERT
N1,1007,link,link,22.8141389,91.5555833,1000.0,,
N1,1008,link,link,22.8228049,91.5531389,128.0,,
N1,1009,link,link,22.8239438,91.5528333,872.0,,
N1,1010,bridge,bridge,22.8243706577981,91.5526915454128,12.4,C,PURPU DURGAPURE BOX CUL
N1,1011,bridge,bridge,22.8309613422018,91.5505028545871,4.5,A,RAIPUR (2) BOX CULVERT
N1,1012,link,link,22.8313882,91.5503611,686.0,,
N1,1013,bridge,bridge,22.8327467692419,91.5501035014577,3.0,A,RAIPUR BOX CUL-1
N1,1014,link,link,22.8372497,91.5492497,314.0,,
N1,1015,link,link,22.8401941,91.5490552,353.0,,
N1,1016,bridge,bridge,22.8410943334277,91.5488096951841,3.0,A,MUSTAN NAGAR -4
N1,1017,link,link,22.8432497,91.5482219,240.0,,
N1,1018,bridge,bridge,22.8434551375,91.54814955625,1.5,A,MASTARI HAGOR 3 CULVERT
N1,1019,link,link,22.8452219,91.5475274,380.0,,
N1,1020,bridge,bridge,22.8453914894736,91.5474689210526,3.0,A,MUSTAU NOGAR(2)
N1,1021,link,link,22.8484441,91.5464163,10.0,,
N1,1022,link,link,22.8485274,91.5463886,17.0,,
N1,1023,bridge,bridge,22.8486172764705,91.5463706117647,8.5,A,MASTANNAGOR BONCUL(1)
N1,1024,link,link,22.8486663,91.5463608,722.0,,
N1,1025,link,link,22.8550556,91.545833,113.0,,
N1,1026,bridge,bridge,22.8551475327433,91.5458221849557,1.5,A,MAMAFAKIR ASTANA SLAB CULVERT
N1,1027,link,link,22.856,91.5457219,165.0,,
N1,1028,bridge,bridge,22.8560565672727,91.5457188709091,1.5,A,MAMAFOUN ASTANA CULVERT
N1,1029,link,link,22.8575556,91.5456386,247.0,,
N1,1030,bridge,bridge,22.8594847882591,91.5454799987854,2.0,A,MADDUM SONAPHAR-3
N1,1031,link,link,22.8595833,91.5454719,177.0,,
N1,1032,bridge,bridge,22.8609876872509,91.5451551717131,4.3,A,DHARBAR TILA CULVERT
N1,1033,link,link,22.861117723107572,91.54512584501992,576.0,,
N1,1034,link,link,22.8661111,91.5439997,282.0,,
N1,1035,bridge,bridge,22.8680563702127,91.5432963340425,1.5,A,MADDAM SONAPAR(1) BOX CULVERT
N1,1036,link,link,22.868416,91.5431663,556.0,,
N1,1037,bridge,bridge,22.872722034892,91.5415958766187,2.0,A,CHAIRMEN BARI BOX CULVERT
N1,1038,link,link,22.8731382,91.5414441,162.0,,
N1,1039,link,link,22.8744438,91.5409719,85.0,,
N1,1040,bridge,bridge,22.8746986941176,91.5408836647058,4.3,A,UTTOR SONAPAR BOX CULVERT
N1,1041,link,link,22.875166,91.5407219,915.0,,
N1,1042,link,link,22.8829993,91.5381663,1000.0,,
N1,1043,link,link,22.8916386,91.5354719,63.0,,
N1,1044,bridge,bridge,22.8916386,91.5354719,3.0,A,BAROYARHAT BOX CULVERT
N1,1045,link,link,22.8921663,91.5353052,104.0,,
N1,1046,link,link,22.8929719,91.5350274,113.0,,
N1,1047,link,link,22.8939997,91.5346941,637.0,,
N1,1048,link,link,22.8994441,91.5336108,83.0,,
N1,1049,link,link,22.9003333,91.5333608,536.0,,
N1,1050,bridge,bridge,22.9042462955223,91.5316297776119,3.0,A,BOROYAR PARA SLUB CULVERT
N1,1051,link,link,22.9046667,91.5314438,464.0,,
N1,1052,link,link,22.9085833,91.5294993,638.0,,
N1,1053,bridge,bridge,22.9097128884012,91.5289285034482,6.1,A,BUMGAT BOXCULVERT
N1,1054,link,link,22.9138056,91.5268604,228.0,,
N1,1055,bridge,bridge,22.9149647061403,91.5262895350877,220.6,B,DHOOM GHAT PC GIRDER
N1,1056,link,link,22.9156667,91.5259438,134.0,,
N1,1057,link,link,22.9167216,91.5253882,1000.0,,
N1,1058,link,link,22.9248882,91.5213327,1000.0,,
N1,1059,link,link,22.9329716,91.5172216,1000.0,,
N1,1060,link,link,22.940833,91.5124444,381.0,,
N1,1061,link,link,22.9439441,91.5108611,619.0,,
N1,1062,link,link,22.9482774,91.50725,509.0,,
N1,1063,link,link,22.949583,91.5027778,211.0,,
N1,1064,bridge,bridge,22.9496126090047,91.502066899526,191.5,B,MUHURI BRIDGE
N1,1065,link,link,22.9496663,91.5007778,288.0,,
N1,1066,link,link,22.9497774,91.4980274,1000.0,,
N1,1067,link,link,22.9497497,91.4883608,1008.0,,
N1,1068,bridge,bridge,22.9486038666666,91.4794993833333,1.5,A,FAZAILPUR BOXCULVERT
N1,1069,link,link,22.9484997,91.4786938,262.0,,
N1,1070,link,link,22.9483608,91.4761382,738.0,,
N1,1071,link,link,22.9479997,91.4689993,1012.0,,
N1,1072,link,link,22.9514444,91.4600278,1000.0,,
N1,1073,link,link,22.9561389,91.4517778,1043.0,,
N1,1074,link,link,22.9611667,91.4433886,111.0,,
N1,1075,bridge,bridge,22.9614487369369,91.4429962027027,94.05,B,LAMUA BRIDGE
N1,1076,link,link,22.9618056,91.4424997,109.0,,
N1,1077,link,link,22.9624167,91.4416941,780.0,,
N1,1078,link,link,22.9663333,91.4356108,1000.0,,
N1,1079,link,link,22.9711382,91.4273882,1000.0,,
N1,1080,link,link,22.9774438,91.4205827,1051.0,,
N1,1081,link,link,22.9842219,91.4137222,256.0,,
N1,1082,link,link,22.9858886,91.4120556,296.0,,
N1,1083,link,link,22.9877774,91.41,448.0,,
N1,1084,link,link,22.9906941,91.4072222,917.0,,
N1,1085,bridge,bridge,22.9927169359869,91.4047486961832,1.9,A,.
N1,1086,bridge,bridge,22.9945936133042,91.4024539137404,22.15,A,Rampur Bridge(R)
N1,1087,bridge,bridge,22.9947280792802,91.4022894900763,23.4,A,RAMPUR BRIDGE
N1,1088,link,link,22.9960552,91.4006667,23.0,,
N1,1089,link,link,22.9961941,91.4005,85.0,,
N1,1090,link,link,22.9963886,91.3998052,1000.0,,
N1,1091,bridge,bridge,22.999248756,91.3957752,1.5,A,RAMPUR BOX CULVERT
N1,1092,link,link,23.0018889,91.3920552,1407.0,,
N1,1093,link,link,23.0095556,91.3813604,614.0,,
N1,1094,bridge,bridge,23.0124048410423,91.3779796149837,3.4,A,CHARIPUR CULVERT.
N1,1095,link,link,23.0132778,91.3769438,125.0,,
N1,1096,link,link,23.0140833,91.3759716,724.0,,
N1,1097,link,link,23.0185271,91.3708327,151.0,,
N1,1098,link,link,23.0193604,91.3697771,761.0,,
N1,1099,link,link,23.0248327,91.3655278,240.0,,
N1,1100,link,link,23.0269716,91.3655,287.0,,
N1,1101,bridge,bridge,23.0269801170731,91.3655004839721,1.6,A,DEBIPUR SLAB CULVERT
N1,1102,link,link,23.029416,91.3656389,735.0,,
N1,1103,link,link,23.0360274,91.36575,468.0,,
N1,1104,bridge,bridge,23.0379728055555,91.3656784724359,10.8,A,FATAPUR BOX CULVERT
N1,1105,link,link,23.0398052,91.3656111,336.0,,
N1,1106,link,link,23.0427774,91.3654444,196.0,,
N1,1107,link,link,23.0449719,91.3653611,521.0,,
N1,1108,link,link,23.0479441,91.3651389,500.0,,
N1,1109,link,link,23.0538611,91.3637222,882.0,,
N1,1110,bridge,bridge,23.0607473333333,91.3618624619047,4.0,B,MOHAMMAD ALI MAZAR
N1,1111,link,link,23.0614722,91.3616667,230.0,,
N1,1112,link,link,23.0635278,91.3616389,18.0,,
N1,1113,link,link,23.0636944,91.3616389,611.0,,
N1,1114,link,link,23.0688604,91.3607222,275.0,,
N1,1115,bridge,bridge,23.070198184,91.3603022,6.1,B,DUTHOSHA BOX CULVERT
N1,1116,link,link,23.0712493,91.3599722,234.0,,
N1,1117,link,link,23.0732493,91.3594167,766.0,,
N1,1118,bridge,bridge,23.0779647046997,91.3566005031331,14.2,B,KOKALI BOX CULVERT
N1,1119,link,link,23.0792493,91.3558333,193.0,,
N1,1120,link,link,23.0806938,91.3549444,17.0,,
N1,1121,link,link,23.0808049,91.3548611,527.0,,
N1,1122,bridge,bridge,23.0819909531309,91.3541811474383,3.5,A,UTTOR KAIEATI CULVERT
N1,1123,link,link,23.0849719,91.3524722,345.0,,
N1,1124,bridge,bridge,23.0870753710144,91.3512101492753,9.25,B,FOEALTPARA BOX CULVERT
N1,1125,link,link,23.0876108,91.3508889,312.0,,
N1,1126,link,link,23.0901108,91.3494163,688.0,,
N1,1127,bridge,bridge,23.0930298369186,91.3478308386627,3.1,A,PODOYA BOX CULVERT
N1,1128,link,link,23.095583,91.3464441,82.0,,
N1,1129,link,link,23.0961941,91.3461108,550.0,,
N1,1130,bridge,bridge,23.0973512527272,91.3454956309091,9.5,B,ADONCORA
N1,1131,link,link,23.1005833,91.3437774,368.0,,
N1,1132,bridge,bridge,23.1017563206521,91.343162998913,3.1,B,CHANGARPULL(II) BOX CULVERT
N1,1133,link,link,23.1035,91.3422497,205.0,,
N1,1134,link,link,23.1051111,91.3413608,720.0,,
N1,1135,bridge,bridge,23.1074284451388,91.3400495436111,6.1,A,Chanara Box Culvert
N1,1136,link,link,23.1108056,91.3381386,75.0,,
N1,1137,link,link,23.1113611,91.3378052,1000.0,,
N1,1138,bridge,bridge,23.1158251554,91.335094485,5.3,B,KAKKARA CULVERT
N1,1139,link,link,23.1191382,91.3330827,28.0,,
N1,1140,link,link,23.1193049,91.3329993,248.0,,
N1,1141,bridge,bridge,23.1196973774193,91.3328165129032,4.5,B,FOKIR BAZAR SLAB CULVERT
N1,1142,link,link,23.1213327,91.3320549,255.0,,
N1,1143,link,link,23.1234993,91.3311382,675.0,,
N1,1144,bridge,bridge,23.1252363577777,91.3303863688888,6.5,A,HASO BOTHACH BOX CULVERT
N1,1145,link,link,23.1290827,91.3287216,69.99999999998545,,
N1,1146,link,link,23.1295827,91.3284993,898.0,,
N1,1147,bridge,bridge,23.1332639685968,91.327546416481,3.0,B,JAGOT PUR BOX CULVERT
N1,1148,link,link,23.1374163,91.3264716,102.0,,
N1,1149,link,link,23.1382219,91.3263049,579.0000000000146,,
N1,1150,bridge,bridge,23.1389893200345,91.3263585348877,6.1,B,JAGARNATHPUR BOX CULVERT
N1,1151,link,link,23.1433886,91.326666,420.99999999998545,,
N1,1152,bridge,bridge,23.1436667679334,91.3266680470308,3.5,B,DIMATOLY (2) BOX CULVERT
N1,1153,link,link,23.1471663,91.3266938,99.0000000000291,,
N1,1154,link,link,23.1480274,91.3264993,269.0,,
N1,1155,link,link,23.1496941,91.3254993,631.9999999999854,,
N1,1156,bridge,bridge,23.1527364949367,91.3243178772152,6.3,B,DIMATOLI (1) BOX CULVERT
N1,1157,link,link,23.1554167,91.3232771,208.0,,
N1,1158,link,link,23.1571667,91.3224993,792.0,,
N1,1159,bridge,bridge,23.1635138669191,91.3215889464646,9.5,A,ANDAJER BAZER BOX CULVERT
N1,1160,link,link,23.1641389,91.3214993,440.0,,
N1,1161,link,link,23.1680549,91.3213604,14.0,,
N1,1162,link,link,23.1681382,91.3213604,546.0,,
N1,1163,bridge,bridge,23.1726272318681,91.3205774642857,3.1,B,NANKORA BOX CULVERT
N1,1164,link,link,23.172916,91.3205271,515.0,,
N1,1165,link,link,23.1773604,91.3198049,614.0,,
N1,1166,bridge,bridge,23.1817958149837,91.3208787514658,9.5,B,BASHONTA PUR (2)
N1,1167,link,link,23.1826382,91.3210827,465.0,,
N1,1168,link,link,23.1866108,91.3212771,12.0,,
N1,1169,link,link,23.1866941,91.3212493,523.0,,
N1,1170,bridge,bridge,23.1874350254302,91.3209051317399,6.1,C,BOSONTA PUR BOX CULVERT
N1,1171,link,link,23.1909997,91.3192493,135.0,,
N1,1172,link,link,23.1921108,91.3185549,865.0,,
N1,1173,bridge,bridge,23.1961887953757,91.3176705069364,6.1,A,ATTOCK GRAM BOX CULVERT
N1,1174,link,link,23.1990274,91.3170549,229.0,,
N1,1175,link,link,23.201,91.3168049,771.0,,
N1,1176,bridge,bridge,23.2050386287937,91.3163167282749,6.1,A,FALGUNCORA CULVERT
N1,1177,link,link,23.2078889,91.3159722,282.0,,
N1,1178,link,link,23.2103056,91.3157222,718.0,,
N1,1179,bridge,bridge,23.2131955721448,91.3153497403899,14.3,B,HAYDAR POLE BOX CULVERT
N1,1180,link,link,23.2165556,91.3149167,222.0,,
N1,1181,link,link,23.2184993,91.3143889,328.0,,
N1,1182,link,link,23.221416,91.3137222,450.0,,
N1,1183,bridge,bridge,23.2220338977777,91.3137005933333,6.0,A,CHADDAGRAM BAZAR BOX CULVERT
N1,1184,link,link,23.2253882,91.3135833,237.0,,
N1,1185,bridge,bridge,23.2259184472573,91.3135697177215,2.6,B,CHAUDDAGARAM BOX CULVERT
N1,1186,link,link,23.2275549,91.3135278,448.0,,
N1,1187,bridge,bridge,23.2289195919642,91.3134220678571,3.1,B,KALIA BAZER BOC CULVERT
N1,1188,link,link,23.2314993,91.3132222,315.0,,
N1,1189,link,link,23.2343052,91.3131667,20.0,,
N1,1190,link,link,23.2344997,91.3131667,817.0,,
N1,1191,bridge,bridge,23.2360759516523,91.3129901976744,2.5,A,KALIR BAZAR BOX CULVERT
N1,1192,bridge,bridge,23.2397920309669,91.3125740860465,2.6,A,BALUZURI 2 CULVERT
N1,1193,link,link,23.2416941,91.3123611,163.0,,
N1,1194,bridge,bridge,23.2429040619631,91.3119739539877,19.2,B,BALUJURI BOX CULVERT
N1,1195,link,link,23.243083,91.3119167,270.0,,
N1,1196,bridge,bridge,23.2443915125925,91.3114032292592,2.5,B,SONAGATI BOX CULVERT
N1,1197,link,link,23.2452774,91.3110556,347.0,,
N1,1198,link,link,23.2481663,91.3098889,23.0,,
N1,1199,link,link,23.248333,91.3098056,186.0,,
N1,1200,link,link,23.249833,91.3091944,174.0,,
N1,1201,link,link,23.2511944,91.3086389,844.0,,
N1,1202,bridge,bridge,23.2527463398104,91.3083926405213,4.5,B,HARISHARDE CULVERT
N1,1203,bridge,bridge,23.2576429774881,91.3076156494075,3.6,B,NOWA PARA BOX CULVERT
N1,1204,link,link,23.2587222,91.3074444,156.0,,
N1,1205,bridge,bridge,23.25941665,91.3073611,3.0,B,RANGOWATIA 2 CULVERT
N1,1206,link,link,23.2601111,91.3072778,404.0,,
N1,1207,bridge,bridge,23.2618360940594,91.3070217386138,3.0,B,RANGAMATIA (1) BOX CULVERT
N1,1208,link,link,23.2636667,91.30675,203.0,,
N1,1209,link,link,23.2654444,91.3064444,277.0,,
N1,1210,link,link,23.2677493,91.3054722,116.0,,
N1,1211,link,link,23.2686382,91.3049722,1000.0,,
N1,1212,bridge,bridge,23.27301895,91.3029661882,6.3,B,AMAN GONG SLAB CULVERT
N1,1213,link,link,23.2768882,91.3011944,226.0,,
N1,1214,link,link,23.2787216,91.3002778,774.0,,
N1,1215,bridge,bridge,23.2821949258397,91.2966655096899,4.6,B,BOWCHI BAZAR CULVERT
N1,1216,link,link,23.283583,91.2952219,498.0,,
N1,1217,link,link,23.2876663,91.2936386,502.0,,
N1,1218,bridge,bridge,23.2897066386454,91.2929584711155,13.4,A,SUPUYA BOX CULVERT
N1,1219,link,link,23.2919163,91.2922219,467.0,,
N1,1220,link,link,23.2959719,91.2915274,14.0,,
N1,1221,link,link,23.296083,91.2914997,519.0,,
N1,1222,bridge,bridge,23.2979675271676,91.2910141369942,3.2,A,LALGORE BEZER CULVERT
N1,1223,link,link,23.3006111,91.290333,453.0,,
N1,1224,bridge,bridge,23.3034306450331,91.2889770397351,2.6,B,DHARMA PUR SLAB CULVERT
N1,1225,link,link,23.30425,91.288583,547.0,,
N1,1226,bridge,bridge,23.3083612731261,91.2865787034735,19.2,B,DOLL BARI CULVERT
N1,1227,link,link,23.3086944,91.2864163,113.0,,
N1,1228,link,link,23.3096389,91.2861386,598.0,,
N1,1229,link,link,23.31475,91.2845552,19.0,,
N1,1230,link,link,23.3149444,91.2844719,270.0,,
N1,1231,link,link,23.3171382,91.2836941,917.0,,
N1,1232,bridge,bridge,23.3180696869138,91.2830867321701,9.2,A,NOYA BAZER BOX CULVERT
N1,1233,link,link,23.3240827,91.279166,10.0,,
N1,1234,link,link,23.324166,91.2791104,73.0,,
N1,1235,link,link,23.3246382,91.278666,1000.0,,
N1,1236,bridge,bridge,23.3301462324,91.2748792824,24.0,A,MIABAZAR BOX CULVERT
N1,1237,link,link,23.3321938,91.2734716,369.0,,
N1,1238,link,link,23.3347219,91.271166,143.0,,
N1,1239,link,link,23.3357219,91.2703049,44.0,,
N1,1240,link,link,23.3360274,91.2700549,444.0,,
N1,1241,link,link,23.3390552,91.2672216,1000.0,,
N1,1242,bridge,bridge,23.342671472,91.264485636,14.3,A,CHANSIRI BOXCUIVERT
N1,1243,link,link,23.3463608,91.2616944,313.0,,
N1,1244,link,link,23.3486386,91.2599444,687.0,,
N1,1245,bridge,bridge,23.3521636774381,91.2572910746724,22.8,C,LAL BAG RCC GIDER BRIDGE
N1,1246,link,link,23.3536944,91.2561389,610.0,,
N1,1247,link,link,23.3584444,91.2533333,24.0,,
N1,1248,link,link,23.3586389,91.25325,366.0,,
N1,1249,link,link,23.3615278,91.2515556,904.0,,
N1,1250,link,link,23.3683327,91.2471108,171.0,,
N1,1251,link,link,23.3695827,91.2462774,1000.0,,
N1,1252,bridge,bridge,23.3713647755,91.2450175414999,30.4,A,SUAGAZI RCC GIDER BRIDGE
N1,1253,link,link,23.377166,91.2409163,72.0,,
N1,1254,link,link,23.3777493,91.2405274,30.0,,
N1,1255,link,link,23.3779716,91.2403608,898.0,,
N1,1256,link,link,23.3843886,91.2351108,83.0,,
N1,1257,link,link,23.3849719,91.2346108,15.0,,
N1,1258,link,link,23.385083,91.2345552,892.0,,
N1,1259,link,link,23.3914441,91.2293049,10.0,,
N1,1260,link,link,23.3915274,91.2292493,1000.0,,
N1,1261,bridge,bridge,23.3976518197887,91.2234221346859,27.9,A,RAZAPARA RCC GIDER BRIDGE
N1,1262,link,link,23.398213447804338,91.22288776581436,799.0,,
N1,1263,link,link,23.4035556,91.2178049,29.0,,
N1,1264,link,link,23.40375,91.2176382,172.0,,
N1,1265,link,link,23.4048056,91.2165278,980.0,,
N1,1266,link,link,23.4100278,91.2090833,37.0,,
N1,1267,link,link,23.4100833,91.2087778,1027.0,,
N1,1268,link,link,23.4113056,91.1988886,1008.0,,
N1,1269,bridge,bridge,23.4119324230158,91.1939029849206,27.35,C,Mostapur Bridge
N1,1270,link,link,23.4125,91.1893886,461.0,,
N1,1271,link,link,23.4130556,91.1849163,28.0,,
N1,1272,link,link,23.4131111,91.1846663,511.0,,
N1,1273,link,link,23.4149444,91.1801382,538.0,,
N1,1274,link,link,23.4191382,91.1721938,90.0,,
N1,1275,link,link,23.4195271,91.171416,427.0,,
N1,1276,bridge,bridge,23.4212487704918,91.1678943372365,35.9,B,PADUAR BAZER RCCGIDER
N1,1277,link,link,23.4213604,91.167666,508.0,,
N1,1278,link,link,23.423416,91.1632778,37.0,,
N1,1279,link,link,23.4235827,91.1629722,28.0,,
N1,1280,link,link,23.4236938,91.1626944,980.0,,
N1,1281,link,link,23.4288882,91.1553889,1000.0,,
N1,1282,link,link,23.4373886,91.1521944,684.0,,
N1,1283,link,link,23.4425274,91.1497774,463.0,,
N1,1284,bridge,bridge,23.4436339598272,91.1493668151188,23.4,A,DHANPUR RCC GIDER BRIDGE
N1,1285,link,link,23.4469441,91.1481386,210.0,,
N1,1286,link,link,23.4486386,91.1472497,24.0,,
N1,1287,link,link,23.448833,91.1471386,303.0,,
N1,1288,link,link,23.4513056,91.1460552,932.0,,
N1,1289,link,link,23.459,91.142333,68.0,,
N1,1290,link,link,23.4595833,91.1421386,1000.0,,
N1,1291,link,link,23.4682216,91.1394441,1000.0,,
N1,1292,link,link,23.4767216,91.1364441,1000.0,,
N1,1293,bridge,bridge,23.479544924,91.129047144,2.9,A,AMTOLI SLAB CULVERT
N1,1294,link,link,23.4800827,91.1276382,436.0,,
N1,1295,bridge,bridge,23.4794083880733,91.1238920825688,1.4,A,TIPRA BAZAR BOX CULVERT
N1,1296,link,link,23.4793327,91.1234716,547.0,,
N1,1297,link,link,23.4789716,91.118166,17.0,,
N1,1298,link,link,23.4789716,91.1179993,28.0,,
N1,1299,link,link,23.4789438,91.1177216,972.0,,
N1,1300,bridge,bridge,23.4781159049382,91.1070332074074,3.0,B,NAZIRA BOX CULVERT
N1,1301,link,link,23.4779993,91.1055278,487.0,,
N1,1302,link,link,23.4778604,91.1036111,513.0,,
N1,1303,link,link,23.4775549,91.0986663,1000.0,,
N1,1304,link,link,23.4781938,91.0889997,1000.0,,
N1,1305,bridge,bridge,23.4776722851,91.0847406393,1.0,C,KABILA DUBARCHAR SLAB CULVERT
N1,1306,link,link,23.4770271,91.0794716,56.0,,
N1,1307,link,link,23.4770827,91.0789993,944.0,,
N1,1308,link,link,23.4801104,91.0706382,1000.0,,
N1,1309,bridge,bridge,23.480613086,91.0674097692,1.5,A,NIMSHAR SLAB CULVERT
N1,1310,link,link,23.4815549,91.0613611,240.0,,
N1,1311,link,link,23.4815271,91.0590278,760.0,,
N1,1312,bridge,bridge,23.4817498298684,91.0563549686842,4.6,B,COREPAI BOX CULVERT
N1,1313,link,link,23.4821382,91.0516944,129.0,,
N1,1314,link,link,23.4820827,91.0504167,871.0,,
N1,1315,bridge,bridge,23.4817873233065,91.0463348850746,4.6,B,CORI PAI BOX CULVERT
N1,1316,link,link,23.4814716,91.0419719,141.0,,
N1,1317,link,link,23.481166,91.0404441,913.0,,
N1,1318,link,link,23.4827771,91.0321382,1000.0,,
N1,1319,link,link,23.4846386,91.0229438,1020.0,,
N1,1320,bridge,bridge,23.4868805937254,91.017566692647,23.1,C,CHANDINA- SHAHA PARA RCC GIDER GRIDGE
N1,1321,link,link,23.488333,91.0140833,198.0,,
N1,1322,link,link,23.4889441,91.01225,30.0,,
N1,1323,link,link,23.4890552,91.0120278,84.0,,
N1,1324,link,link,23.4893052,91.0112778,734.0,,
N1,1325,link,link,23.4896108,91.0043056,71.0,,
N1,1326,link,link,23.4893886,91.0034722,22.0,,
N1,1327,link,link,23.4894441,91.0033056,890.0,,
N1,1328,link,link,23.4911386,90.9950274,1000.0,,
N1,1329,bridge,bridge,23.4932728146,90.9887200416,4.5,A,MILL GHAT BOX CULVERT
N1,1330,link,link,23.4942497,90.985833,306.0,,
N1,1331,link,link,23.4951386,90.9829993,694.0,,
N1,1332,link,link,23.4942219,90.9765549,1000.0,,
N1,1333,bridge,bridge,23.495896314,90.9715772516,4.6,B,KARON KHAL SLAB CULVERT
N1,1334,link,link,23.4972774,90.9674716,183.0,,
N1,1335,link,link,23.4980552,90.9660278,273.9999999999927,,
N1,1336,link,link,23.4986386,90.9651111,1000.0,,
N1,1337,link,link,23.4995274,90.9541667,1000.0000000000073,,
N1,1338,bridge,bridge,23.5013551924,90.9473844088999,3.0,A,SONAPUR BOX CULVERT
N1,1339,link,link,23.5020278,90.9448886,375.0,,
N1,1340,bridge,bridge,23.5024077848,90.9432418928,6.0,B,MATIA BAZER
N1,1341,link,link,23.5028611,90.9412774,352.0,,
N1,1342,link,link,23.5038611,90.9371386,264.0,,
N1,1343,link,link,23.5043333,90.9354719,9.0,,
N1,1344,link,link,23.5042778,90.9354163,1000.0,,
N1,1345,link,link,23.5055278,90.9257216,1000.0,,
N1,1346,bridge,bridge,23.5056131416,90.9214660218,3.0,B,BAKRA BOX CULVERT
N1,1347,link,link,23.5057222,90.9160278,89.0,,
N1,1348,link,link,23.50575,90.91525,911.0,,
N1,1349,link,link,23.5062778,90.9063889,1000.0,,
N1,1350,bridge,bridge,23.5060024341,90.9021745389,5.9,B,KHAT GHOR BOX CULVERT
N1,1351,link,link,23.5056389,90.8966108,78.0,,
N1,1352,link,link,23.5056111,90.8958886,922.0,,
N1,1353,link,link,23.506,90.8869163,1000.0,,
N1,1354,link,link,23.5088056,90.8778604,792.0,,
N1,1355,bridge,bridge,23.510087758207,90.8757204035353,28.9,B,ILLIOT BAZER
N1,1356,link,link,23.5126667,90.871416,102.0,,
N1,1357,link,link,23.5131111,90.8706382,42.0,,
N1,1358,link,link,23.5133056,90.8703049,64.0,,
N1,1359,link,link,23.5135833,90.8697771,1000.0,,
N1,1360,link,link,23.5170827,90.8607778,1000.0,,
N1,1361,link,link,23.5174993,90.8513889,1000.0,,
N1,1362,bridge,bridge,23.5229166652,90.8442186132,4.5,C,AITAL BANGA BOX CULVERT
N1,1363,link,link,23.523166,90.8438886,633.0,,
N1,1364,link,link,23.5270549,90.8391386,367.0,,
N1,1365,link,link,23.5292216,90.8365274,1000.0,,
N1,1366,bridge,bridge,23.5329743291,90.8309774761999,12.2,A,RAIPUR BOX CULVERT
N1,1367,link,link,23.5344997,90.8287216,390.0,,
N1,1368,link,link,23.5347219,90.8251104,16.0,,
N1,1369,link,link,23.5346663,90.8249716,594.0,,
N1,1370,link,link,23.5332493,90.8194716,1000.0,,
N1,1371,bridge,bridge,23.5318234765,90.8110155135,15.9,C,Ginlatoly
N1,1372,link,link,23.5316382,90.8099167,577.0,,
N1,1373,link,link,23.530916,90.8043611,20.0,,
N1,1374,link,link,23.5308882,90.8041389,403.0,,
N1,1375,link,link,23.5308604,90.8002222,45.0,,
N1,1376,link,link,23.5306938,90.7924441,955.0,,
N1,1377,bridge,bridge,23.5308683409424,90.7918075171727,6.5,C,AMIRABATH SLAB CULVERT
N1,1378,link,link,23.531166,90.7907219,108.0,,
N1,1379,link,link,23.5312216,90.7895552,773.0,,
N1,1380,link,link,23.530666,90.7821938,66.0,,
N1,1381,link,link,23.5307493,90.7816104,53.0,,
N1,1382,link,link,23.5308049,90.7811104,815.0,,
N1,1383,bridge,bridge,23.5307655282208,90.7800797251533,3.9,C,SARKAR BARI CULVERT
N1,1384,link,link,23.5304993,90.7731104,185.0,,
N1,1385,link,link,23.5304438,90.7713049,1000.0,,
N1,1386,link,link,23.5299993,90.7615,1000.0,,
N1,1387,bridge,bridge,23.5298050611,90.75825325,16.5,C,SHAHID NAGIR
N1,1388,link,link,23.529416,90.75175,24.0,,
N1,1389,link,link,23.5293882,90.7515833,17.0,,
N1,1390,link,link,23.5293882,90.7514167,967.0,,
N1,1391,link,link,23.5289993,90.7419441,654.0,,
N1,1392,link,link,23.528916,90.7356108,1000.0,,
N1,1393,bridge,bridge,23.5317587831999,90.7291780095,6.0,B,MAIS PARA BOX CULVERT
N1,1394,link,link,23.5327216,90.7269993,487.0,,
N1,1395,bridge,bridge,23.5324186,90.7242807234,21.8,C,BALDHA KHAL RCC GIDER BRIDGE
N1,1396,link,link,23.5322346,90.7226298386,513.0,,
N1,1397,link,link,23.5317216,90.7180271,47.0,,
N1,1398,link,link,23.5315827,90.7176104,17.0,,
N1,1399,link,link,23.5315271,90.7173604,77.0,,
N1,1400,link,link,23.5314716,90.7172216,426.0,,
N1,1401,link,link,23.5313882,90.7153611,355.0,,
N1,1402,link,link,23.5307771,90.7090278,78.0,,
N1,1403,link,link,23.5307493,90.7082778,1000.0,,
N1,1404,bridge,bridge,23.5303844733,90.7024402743,1408.8,C,Daud Kandi Bridge
N1,1405,link,link,23.5301382,90.6984997,336.0,,
N1,1406,link,link,23.529916,90.6952219,664.0,,
N1,1407,bridge,bridge,23.5301519626506,90.6897951837349,8.4,A,CHAR BOUSHEA (2)
N1,1408,link,link,23.5301938,90.688833,651.0,,
N1,1409,bridge,bridge,23.5313996605222,90.68744892596,24.5,B,CHAR BOWSHIA BRIDGE(R)
N1,1410,bridge,bridge,23.5327751898617,90.6858701078341,9.5,A,.
N1,1411,link,link,23.5341386,90.6843052,275.0,,
N1,1412,link,link,23.5358608,90.6823604,40.0,,
N1,1413,link,link,23.536083,90.6821382,34.0,,
N1,1414,link,link,23.5362497,90.681916,1000.0,,
N1,1415,bridge,bridge,23.5393910168,90.6784577888,5.1,C,BOCTAR KANDI BOX CULVERT
N1,1416,link,link,23.542583,90.6749438,256.0,,
N1,1417,bridge,bridge,23.54268543125,90.6748292125,59.2,A,MADHAYA BAUSHIA BRIDGE(R)
N1,1418,link,link,23.5442219,90.6731104,443.0,,
N1,1419,link,link,23.5469441,90.6699993,77.0,,
N1,1420,link,link,23.5474163,90.6694438,224.0,,
N1,1421,bridge,bridge,23.5476246437499,90.669192065625,5.2,A,NOYAPARA
N1,1422,bridge,bridge,23.5477377446428,90.6690554098214,9.1,A,PURRANBUICHE BOX CULVERT
N1,1423,link,link,23.5487497,90.6678327,582.0,,
N1,1424,bridge,bridge,23.5517421907216,90.6643538752577,28.9,A,BOBAIRCHAR BRIDGE(R)
N1,1425,link,link,23.5523333,90.6636667,242.0,,
N1,1426,link,link,23.5538056,90.6619722,395.0,,
N1,1427,bridge,bridge,23.5557082901265,90.6597414245569,29.0,A,VOBAR CHAR BRIDGE(R)
N1,1428,link,link,23.5562222,90.6591389,40.0,,
N1,1429,link,link,23.5564444,90.6588611,412.0,,
N1,1430,link,link,23.5590278,90.6559444,162.0,,
N1,1431,bridge,bridge,23.5591910296296,90.6557475703703,26.3,A,ALI PURA P.C BRIDGE (RIGHT)
N1,1432,link,link,23.5599722,90.6548056,39.0,,
N1,1433,link,link,23.5602222,90.6545,38.0,,
N1,1434,link,link,23.5604167,90.6542222,532.0,,
N1,1435,link,link,23.5636944,90.6504722,38.0,,
N1,1436,link,link,23.5639167,90.6501944,368.0,,
N1,1437,bridge,bridge,23.5660033956521,90.6486237247282,34.7,A,VITIKANDA - ANAR PUR CULVERT
N1,1438,link,link,23.5666111,90.6481663,646.0,,
N1,1439,bridge,bridge,23.5716306256965,90.6454159236842,29.0,A,ANARPUR BRIDGE(R)
N1,1440,link,link,23.5718327,90.6453052,46.0,,
N1,1441,link,link,23.572166,90.6451108,308.0,,
N1,1442,link,link,23.5745271,90.6436941,396.0,,
N1,1443,link,link,23.5776104,90.6421108,39.0,,
N1,1444,link,link,23.577916,90.6419719,656.0,,
N1,1445,bridge,bridge,23.5779800248475,90.6419193089939,163.5,A,BHATIR CHAR BRIDGE
N1,1446,link,link,23.5825827,90.6381386,39.0,,
N1,1447,link,link,23.5828327,90.6378886,126.0,,
N1,1448,link,link,23.5837497,90.6369441,874.0,,
N1,1449,bridge,bridge,23.58631812254,90.6345094207093,5.6,A,MALUAKANDI CULVEDRT
N1,1450,link,link,23.5896108,90.6313882,316.0,,
N1,1451,bridge,bridge,23.5908088547468,90.6302368598101,5.5,A,BAILAKANDI CULVERT
N1,1452,link,link,23.5917497,90.6293327,674.0,,
N1,1453,bridge,bridge,23.5929818827893,90.6279699370919,5.6,A,TATULTALA CULVERT
N1,1454,link,link,23.5959441,90.6246938,10.0,,
N1,1455,link,link,23.5959997,90.624666,1000.0,,
N1,1456,link,link,23.6009444,90.6165556,126.0,,
N1,1457,link,link,23.6018611,90.6159722,874.0,,
N1,1458,bridge,bridge,23.6027595885583,90.6155316965675,900.0,C,MEGHNA BRIDGE
N1,1459,link,link,23.609,90.6124722,65.0,,
N1,1460,link,link,23.6095556,90.6121944,935.0,,
N1,1461,bridge,bridge,23.613587384385,90.6109029561497,116.8,B,ASHIR CHAR (R)
N1,1462,link,link,23.6173604,90.6096944,255.0,,
N1,1463,bridge,bridge,23.6176407964705,90.6095506105882,224.8,A,ASHIR CHAR (Right)
N1,1464,link,link,23.6195271,90.6085833,122.0,,
N1,1465,bridge,bridge,23.6198832229508,90.6083528852459,5.5,B,SANGAKADI CULVERT
N1,1466,link,link,23.6204716,90.6079722,259.0,,
N1,1467,link,link,23.6224993,90.6066944,228.0,,
N1,1468,link,link,23.6242216,90.6055278,136.0,,
N1,1469,link,link,23.6252216,90.6049722,130.0,,
N1,1470,link,link,23.6262771,90.6042222,975.0,,
N1,1471,bridge,bridge,23.6284668507692,90.6023015723077,89.2,A,MARIKHALL BRIDGE
N1,1472,link,link,23.6330549,90.5982774,82.0,,
N1,1473,link,link,23.6335552,90.5976941,100.0,,
N1,1474,bridge,bridge,23.63380522,90.597394085,10.4,B,SHADIPUR BOX CULVERT
N1,1475,link,link,23.6341108,90.5970274,298.0,,
N1,1476,link,link,23.6358608,90.5948052,520.0,,
N1,1477,bridge,bridge,23.6379543715384,90.5936673976923,6.0,A,KRIBORDI BOX CULVERT
N1,1478,link,link,23.6396941,90.5927219,3.0,,
N1,1479,link,link,23.6397497,90.5926941,643.0,,
N1,1480,link,link,23.6449441,90.5899163,354.0,,
N1,1481,bridge,bridge,23.6459685949152,90.5892119813559,40.5,C,MOLLIK PARA BRIDGE (R)
N1,1482,link,link,23.6476108,90.588083,620.0,,
N1,1483,bridge,bridge,23.6497543993548,90.5845490085483,24.5,B,SONARKALI BRIDGE(R)
N1,1484,link,link,23.6506944,90.5829993,41.0,,
N1,1485,link,link,23.6508889,90.5826382,339.0,,
N1,1486,bridge,bridge,23.6515705663716,90.5814943946902,20.0,B,DARIKANDI BRIDGE (R)
N1,1487,link,link,23.6525278,90.5798882,290.0,,
N1,1488,link,link,23.6539167,90.5774993,30.0,,
N1,1489,bridge,bridge,23.65397226,90.57741042,20.45,A,Darikandi Bridge (R)
N1,1490,link,link,23.6540556,90.5772771,352.0,,
N1,1491,bridge,bridge,23.6544257051136,90.576730225,159.5,B,LANGOLBANDO PC GIDER BRIDGE
N1,1492,link,link,23.6559167,90.5745271,21.0,,
N1,1493,link,link,23.6559722,90.5743327,307.0,,
N1,1494,link,link,23.6575,90.5719716,122.0,,
N1,1495,link,link,23.6583056,90.5709993,160.0,,
N1,1496,link,link,23.6591111,90.5697216,307.0,,
N1,1497,link,link,23.6604167,90.5671104,411.0,,
N1,1498,link,link,23.6628333,90.5641111,961.0,,
N1,1499,bridge,bridge,23.6633090696149,90.563856994797,5.55,B,MALIBAG BOX CULVERT
N1,1500,link,link,23.6705827,90.5599722,39.0,,
N1,1501,link,link,23.670916,90.5597778,1000.0,,
N1,1502,bridge,bridge,23.6778035,90.5558194349999,11.9,A,KAWTALA BOX CULVERT
N1,1503,link,link,23.678166,90.5556111,852.0,,
N1,1504,bridge,bridge,23.6853619779342,90.5513591765258,27.5,A,Madanpur Bridge(R)
N1,1505,link,link,23.6854997,90.5512778,148.0,,
N1,1506,bridge,bridge,23.685583027027,90.551207981081,26.3,A,MADAN PUR (R)
N1,1507,link,link,23.6865274,90.5504167,588.0,,
N1,1508,bridge,bridge,23.6883197331632,90.548649807653,6.1,A,DAWAN BAG BOX CULVERT
N1,1509,bridge,bridge,23.6884123260204,90.5485585290816,9.3,A,KHAS PARA BOX CULVERT
N1,1510,link,link,23.6904163,90.546583,165.0,,
N1,1511,bridge,bridge,23.6909119315151,90.5454624957575,10.6,B,NAYABARI BOX CULVERT
N1,1512,link,link,23.6910552,90.5451386,26.0,,
N1,1513,link,link,23.6911108,90.5448886,248.0,,
N1,1514,link,link,23.6918052,90.5426108,184.0,,
N1,1515,link,link,23.6922774,90.5410552,428.0,,
N1,1516,bridge,bridge,23.6923601518691,90.5409183897196,8.3,A,NAYABARI KASPUR BOX CULVERT
N1,1517,bridge,bridge,23.6943023869158,90.5377073719626,6.3,A,ADUPUR CULVERT
N1,1518,link,link,23.6943608,90.5376108,382.0,,
N1,1519,bridge,bridge,23.6943906141361,90.5375740774869,6.3,A,NOYAPARA CULVERT
N1,1520,bridge,bridge,23.6964000869109,90.5350989801047,8.0,B,KATCHPUR BOX CULVERT
N1,1521,link,link,23.6966386,90.5348052,126.0,,
N1,1522,link,link,23.6974163,90.5337774,414.0,,
N1,1523,link,link,23.6998608,90.5307216,348.0,,
N1,1524,link,link,23.7015278,90.5281938,112.0,,
N1,1525,link,link,23.7025278,90.5273882,740.0,,
N1,1526,bridge,bridge,23.7050598925675,90.5232141463513,397.0,C,KANCHPUR PC GIRDER BRIDGE
N1,1527,link,link,23.7060833,90.5215271,260.0,,
N1,1528,link,link,23.7050278,90.5193327,74.0,,
N1,1529,link,link,23.7045833,90.5188327,418.0000000000009,,
N1,1530,link,link,23.7021111,90.5157778,10.99999999999909,,
N1,1531,link,link,23.7020556,90.5157222,819.0,,
N1,1532,link,link,23.6979163,90.5092778,181.0,,
N1,1533,link,link,23.697333,90.50775,1000.0,,
N1,1534,link,link,23.6959163,90.4981941,1000.0,,
N1,1535,link,link,23.6947497,90.4884997,825.0,,
N1,1536,bridge,bridge,23.6946638363636,90.4877749181818,6.6,A,.
N1,1537,link,link,23.6938052,90.4805271,175.0,,
N1,1538,link,link,23.6936108,90.4787771,1000.0,,
N1,1539,link,link,23.693833,90.4691382,870.0,,
N1,1540,link,link,23.6973608,90.4616667,130.0,,
N1,1541,link,link,23.6978886,90.4605833,1000.0,,
N1,1542,bridge,bridge,23.69873866,90.4588610799999,11.3,A,.
N1,1543,link,link,23.7021389,90.4519722,178.0,,
N1,1544,link,link,23.7027778,90.4504722,8.0,,
N1,1545,link,link,23.7029167,90.4504167,814.0,,
N1,1546,sink,sink,23.7060278,90.443333,0.0,,
