road,id,model_type,name,lat,lon,length,condition
N1,0,source,source,23.7060278,90.443333,0.0,
N1,1,link,link,23.7029167,90.4504167,0.814,
N1,2,link,link,23.7027778,90.4504722,0.822,
N1,3,link,link,23.7021389,90.4519722,1.0,
N1,4,link,link,23.6978886,90.4605833,2.0,
N1,5,link,link,23.6973608,90.4616667,2.13,
N1,6,link,link,23.693833,90.4691382,3.0,
N1,7,link,link,23.6936108,90.4787771,4.0,
N1,8,link,link,23.6938052,90.4805271,4.175,
N1,9,link,link,23.6947497,90.4884997,5.0,
N1,10,link,link,23.6959163,90.4981941,6.0,
N1,11,link,link,23.697333,90.50775,7.0,
N1,12,link,link,23.6979163,90.5092778,7.181,
N1,13,link,link,23.7020556,90.5157222,8.0,
N1,14,link,link,23.7021111,90.5157778,8.011,
N1,15,bridge,bridge,23.7045833,90.5188327,8.429,A
N1,16,link,link,23.7050278,90.5193327,8.503,
N1,17,link,link,23.7060833,90.5215271,8.763,
N1,18,link,link,23.7025278,90.5273882,9.503,
N1,19,bridge,bridge,23.7015278,90.5281938,9.615,B
N1,20,bridge,bridge,23.6998608,90.5307216,9.963,A
N1,21,bridge,bridge,23.6974163,90.5337774,10.377,A
N1,22,link,link,23.6966386,90.5348052,10.503,
N1,23,bridge,bridge,23.6943608,90.5376108,10.885,A
N1,24,link,link,23.6922774,90.5410552,11.313,
N1,25,link,link,23.6918052,90.5426108,11.497,
N1,26,bridge,bridge,23.6911108,90.5448886,11.745,A
N1,27,bridge,bridge,23.6910552,90.5451386,11.771,A
N1,28,link,link,23.6904163,90.546583,11.936,
N1,29,link,link,23.6865274,90.5504167,12.524,
N1,30,bridge,bridge,23.6854997,90.5512778,12.672,A
N1,31,link,link,23.678166,90.5556111,13.524,
N1,32,link,link,23.670916,90.5597778,14.524,
N1,33,link,link,23.6705827,90.5599722,14.563,
N1,34,link,link,23.6628333,90.5641111,15.524,
N1,35,bridge,bridge,23.6604167,90.5671104,15.935,B
N1,36,link,link,23.6591111,90.5697216,16.242,
N1,37,link,link,23.6583056,90.5709993,16.402,
N1,38,link,link,23.6575,90.5719716,16.524,
N1,39,link,link,23.6559722,90.5743327,16.831,
N1,40,bridge,bridge,23.6559167,90.5745271,16.852,B
N1,41,link,link,23.6540556,90.5772771,17.204,
N1,42,link,link,23.6539167,90.5774993,17.234,
N1,43,link,link,23.6525278,90.5798882,17.524,
N1,44,bridge,bridge,23.6508889,90.5826382,17.863,A
N1,45,bridge,bridge,23.6506944,90.5829993,17.904,A
N1,46,link,link,23.6476108,90.588083,18.524,
N1,47,bridge,bridge,23.6449441,90.5899163,18.878,B
N1,48,bridge,bridge,23.6397497,90.5926941,19.521,B
N1,49,link,link,23.6396941,90.5927219,19.524,
N1,50,bridge,bridge,23.6358608,90.5948052,20.044,A
N1,51,bridge,bridge,23.6341108,90.5970274,20.342,B
N1,52,link,link,23.6335552,90.5976941,20.442,
N1,53,link,link,23.6330549,90.5982774,20.524,
N1,54,link,link,23.6262771,90.6042222,21.499,
N1,55,link,link,23.6252216,90.6049722,21.629,
N1,56,bridge,bridge,23.6242216,90.6055278,21.765,B
N1,57,link,link,23.6224993,90.6066944,21.993,
N1,58,link,link,23.6204716,90.6079722,22.252,
N1,59,link,link,23.6195271,90.6085833,22.374,
N1,60,link,link,23.6173604,90.6096944,22.629,
N1,61,bridge,bridge,23.6095556,90.6121944,23.564,A
N1,62,link,link,23.609,90.6124722,23.629,
N1,63,bridge,bridge,23.6018611,90.6159722,24.503,A
N1,64,link,link,23.6009444,90.6165556,24.629,
N1,65,link,link,23.5959997,90.624666,25.629,
N1,66,bridge,bridge,23.5959441,90.6246938,25.639,A
N1,67,bridge,bridge,23.5917497,90.6293327,26.313,A
N1,68,link,link,23.5896108,90.6313882,26.629,
N1,69,bridge,bridge,23.5837497,90.6369441,27.503,A
N1,70,link,link,23.5828327,90.6378886,27.629,
N1,71,bridge,bridge,23.5825827,90.6381386,27.668,A
N1,72,bridge,bridge,23.577916,90.6419719,28.324,A
N1,73,link,link,23.5776104,90.6421108,28.363,
N1,74,link,link,23.5745271,90.6436941,28.759,
N1,75,bridge,bridge,23.572166,90.6451108,29.067,A
N1,76,bridge,bridge,23.5718327,90.6453052,29.113,A
N1,77,link,link,23.5666111,90.6481663,29.759,
N1,78,bridge,bridge,23.5639167,90.6501944,30.127,A
N1,79,link,link,23.5636944,90.6504722,30.165,
N1,80,link,link,23.5604167,90.6542222,30.697,
N1,81,link,link,23.5602222,90.6545,30.735,
N1,82,link,link,23.5599722,90.6548056,30.774,
N1,83,bridge,bridge,23.5590278,90.6559444,30.936,A
N1,84,link,link,23.5564444,90.6588611,31.348,
N1,85,link,link,23.5562222,90.6591389,31.388,
N1,86,link,link,23.5538056,90.6619722,31.783,
N1,87,bridge,bridge,23.5523333,90.6636667,32.025,A
N1,88,link,link,23.5487497,90.6678327,32.607,
N1,89,bridge,bridge,23.5474163,90.6694438,32.831,A
N1,90,bridge,bridge,23.5469441,90.6699993,32.908,A
N1,91,link,link,23.5442219,90.6731104,33.351,
N1,92,link,link,23.542583,90.6749438,33.607,
N1,93,link,link,23.5362497,90.681916,34.607,
N1,94,bridge,bridge,23.536083,90.6821382,34.641,A
N1,95,link,link,23.5358608,90.6823604,34.681,
N1,96,link,link,23.5341386,90.6843052,34.956,
N1,97,link,link,23.5301938,90.688833,35.607,
N1,98,bridge,bridge,23.529916,90.6952219,36.271,A
N1,99,link,link,23.5301382,90.6984997,36.607,
N1,100,link,link,23.5307493,90.7082778,37.607,
N1,101,link,link,23.5307771,90.7090278,37.685,
N1,102,link,link,23.5313882,90.7153611,38.04,
N1,103,link,link,23.5314716,90.7172216,38.466,
N1,104,link,link,23.5315271,90.7173604,38.543,
N1,105,link,link,23.5315827,90.7176104,38.56,
N1,106,link,link,23.5317216,90.7180271,38.607,
N1,107,link,link,23.5322346,90.7226298386,39.12,
N1,108,link,link,23.5327216,90.7269993,39.607,
N1,109,link,link,23.528916,90.7356108,40.607,
N1,110,link,link,23.5289993,90.7419441,41.261,
N1,111,link,link,23.5293882,90.7514167,42.228,
N1,112,link,link,23.5293882,90.7515833,42.245,
N1,113,link,link,23.529416,90.75175,42.269,
N1,114,link,link,23.5299993,90.7615,43.269,
N1,115,link,link,23.5304438,90.7713049,44.269,
N1,116,link,link,23.5304993,90.7731104,44.454,
N1,117,link,link,23.5308049,90.7811104,45.269,
N1,118,bridge,bridge,23.5307493,90.7816104,45.322,C
N1,119,link,link,23.530666,90.7821938,45.388,
N1,120,link,link,23.5312216,90.7895552,46.161,
N1,121,link,link,23.531166,90.7907219,46.269,
N1,122,bridge,bridge,23.5306938,90.7924441,47.224,C
N1,123,link,link,23.5308604,90.8002222,47.269,
N1,124,link,link,23.5308882,90.8041389,47.672,
N1,125,link,link,23.530916,90.8043611,47.692,
N1,126,link,link,23.5316382,90.8099167,48.269,
N1,127,link,link,23.5332493,90.8194716,49.269,
N1,128,link,link,23.5346663,90.8249716,49.863,
N1,129,link,link,23.5347219,90.8251104,49.879,
N1,130,link,link,23.5344997,90.8287216,50.269,
N1,131,link,link,23.5292216,90.8365274,51.269,
N1,132,link,link,23.5270549,90.8391386,51.636,
N1,133,link,link,23.523166,90.8438886,52.269,
N1,134,link,link,23.5174993,90.8513889,53.269,
N1,135,link,link,23.5170827,90.8607778,54.269,
N1,136,link,link,23.5135833,90.8697771,55.269,
N1,137,bridge,bridge,23.5133056,90.8703049,55.333,B
N1,138,link,link,23.5131111,90.8706382,55.375,
N1,139,link,link,23.5126667,90.871416,55.477,
N1,140,link,link,23.5088056,90.8778604,56.269,
N1,141,link,link,23.506,90.8869163,57.269,
N1,142,link,link,23.5056111,90.8958886,58.191,
N1,143,link,link,23.5056389,90.8966108,58.269,
N1,144,link,link,23.5062778,90.9063889,59.269,
N1,145,link,link,23.50575,90.91525,60.18,
N1,146,link,link,23.5057222,90.9160278,60.269,
N1,147,link,link,23.5055278,90.9257216,61.269,
N1,148,link,link,23.5042778,90.9354163,62.269,
N1,149,link,link,23.5043333,90.9354719,62.278,
N1,150,link,link,23.5038611,90.9371386,62.542,
N1,151,link,link,23.5028611,90.9412774,62.894,
N1,152,link,link,23.5020278,90.9448886,63.269,
N1,153,link,link,23.4995274,90.9541667,64.269,
N1,154,link,link,23.4986386,90.9651111,65.269,
N1,155,link,link,23.4980552,90.9660278,65.543,
N1,156,link,link,23.4972774,90.9674716,65.726,
N1,157,link,link,23.4942219,90.9765549,66.726,
N1,158,bridge,bridge,23.4951386,90.9829993,67.42,A
N1,159,link,link,23.4942497,90.985833,67.726,
N1,160,link,link,23.4911386,90.9950274,68.726,
N1,161,link,link,23.4894441,91.0033056,69.616,
N1,162,link,link,23.4893886,91.0034722,69.638,
N1,163,link,link,23.4896108,91.0043056,69.709,
N1,164,link,link,23.4893052,91.0112778,70.443,
N1,165,bridge,bridge,23.4890552,91.0120278,70.527,C
N1,166,link,link,23.4889441,91.01225,70.557,
N1,167,link,link,23.488333,91.0140833,70.755,
N1,168,link,link,23.4846386,91.0229438,71.775,
N1,169,link,link,23.4827771,91.0321382,72.775,
N1,170,bridge,bridge,23.481166,91.0404441,73.688,B
N1,171,link,link,23.4814716,91.0419719,73.829,
N1,172,bridge,bridge,23.4820827,91.0504167,74.7,B
N1,173,link,link,23.4821382,91.0516944,74.829,
N1,174,bridge,bridge,23.4815271,91.0590278,75.589,A
N1,175,link,link,23.4815549,91.0613611,75.829,
N1,176,link,link,23.4801104,91.0706382,76.829,
N1,177,bridge,bridge,23.4770827,91.0789993,77.773,C
N1,178,link,link,23.4770271,91.0794716,77.829,
N1,179,link,link,23.4781938,91.0889997,78.829,
N1,180,link,link,23.4775549,91.0986663,79.829,
N1,181,link,link,23.4778604,91.1036111,80.342,
N1,182,link,link,23.4779993,91.1055278,80.829,
N1,183,bridge,bridge,23.4789438,91.1177216,81.801,A
N1,184,link,link,23.4789716,91.1179993,81.829,
N1,185,link,link,23.4789716,91.118166,81.846,
N1,186,link,link,23.4793327,91.1234716,82.393,
N1,187,link,link,23.4800827,91.1276382,82.829,
N1,188,link,link,23.4767216,91.1364441,83.829,
N1,189,link,link,23.4682216,91.1394441,84.829,
N1,190,link,link,23.4595833,91.1421386,85.829,
N1,191,bridge,bridge,23.459,91.142333,85.897,A
N1,192,link,link,23.4513056,91.1460552,86.829,
N1,193,link,link,23.448833,91.1471386,87.132,
N1,194,link,link,23.4486386,91.1472497,87.156,
N1,195,link,link,23.4469441,91.1481386,87.366,
N1,196,link,link,23.4425274,91.1497774,87.829,
N1,197,link,link,23.4373886,91.1521944,88.513,
N1,198,link,link,23.4288882,91.1553889,89.513,
N1,199,link,link,23.4236938,91.1626944,90.493,
N1,200,link,link,23.4235827,91.1629722,90.521,
N1,201,link,link,23.423416,91.1632778,90.558,
N1,202,link,link,23.4213604,91.167666,91.066,
N1,203,link,link,23.4195271,91.171416,91.493,
N1,204,bridge,bridge,23.4191382,91.1721938,91.583,B
N1,205,link,link,23.4149444,91.1801382,92.121,
N1,206,link,link,23.4131111,91.1846663,92.632,
N1,207,link,link,23.4130556,91.1849163,92.66,
N1,208,link,link,23.4125,91.1893886,93.121,
N1,209,link,link,23.4113056,91.1988886,94.129,
N1,210,link,link,23.4100833,91.2087778,95.156,
N1,211,bridge,bridge,23.4100278,91.2090833,95.193,A
N1,212,link,link,23.4048056,91.2165278,96.173,
N1,213,link,link,23.40375,91.2176382,96.345,
N1,214,link,link,23.4035556,91.2178049,96.374,
N1,215,link,link,23.398213447804338,91.22288776581436,97.173,
N1,216,link,link,23.3915274,91.2292493,98.173,
N1,217,bridge,bridge,23.3914441,91.2293049,98.183,A
N1,218,link,link,23.385083,91.2345552,99.075,
N1,219,link,link,23.3849719,91.2346108,99.09,
N1,220,link,link,23.3843886,91.2351108,99.173,
N1,221,link,link,23.3779716,91.2403608,100.071,
N1,222,link,link,23.3777493,91.2405274,100.101,
N1,223,link,link,23.377166,91.2409163,100.173,
N1,224,link,link,23.3695827,91.2462774,101.173,
N1,225,bridge,bridge,23.3683327,91.2471108,101.344,C
N1,226,link,link,23.3615278,91.2515556,102.248,
N1,227,bridge,bridge,23.3586389,91.25325,102.614,A
N1,228,link,link,23.3584444,91.2533333,102.638,
N1,229,link,link,23.3536944,91.2561389,103.248,
N1,230,link,link,23.3486386,91.2599444,103.935,
N1,231,link,link,23.3463608,91.2616944,104.248,
N1,232,link,link,23.3390552,91.2672216,105.248,
N1,233,link,link,23.3360274,91.2700549,105.692,
N1,234,link,link,23.3357219,91.2703049,105.736,
N1,235,link,link,23.3347219,91.271166,105.879,
N1,236,link,link,23.3321938,91.2734716,106.248,
N1,237,link,link,23.3246382,91.278666,107.248,
N1,238,bridge,bridge,23.324166,91.2791104,107.321,B
N1,239,link,link,23.3240827,91.279166,107.331,
N1,240,link,link,23.3171382,91.2836941,108.248,
N1,241,bridge,bridge,23.3149444,91.2844719,108.518,A
N1,242,link,link,23.31475,91.2845552,108.537,
N1,243,link,link,23.3096389,91.2861386,109.135,
N1,244,link,link,23.3086944,91.2864163,109.248,
N1,245,bridge,bridge,23.30425,91.288583,109.795,A
N1,246,link,link,23.3006111,91.290333,110.248,
N1,247,bridge,bridge,23.296083,91.2914997,110.767,B
N1,248,link,link,23.2959719,91.2915274,110.781,
N1,249,link,link,23.2919163,91.2922219,111.248,
N1,250,bridge,bridge,23.2876663,91.2936386,111.75,B
N1,251,link,link,23.283583,91.2952219,112.248,
N1,252,link,link,23.2787216,91.3002778,113.022,
N1,253,link,link,23.2768882,91.3011944,113.248,
N1,254,link,link,23.2686382,91.3049722,114.248,
N1,255,bridge,bridge,23.2677493,91.3054722,114.364,B
N1,256,link,link,23.2654444,91.3064444,114.641,
N1,257,link,link,23.2636667,91.30675,114.844,
N1,258,link,link,23.2601111,91.3072778,115.248,
N1,259,bridge,bridge,23.2587222,91.3074444,115.404,B
N1,260,link,link,23.2511944,91.3086389,116.248,
N1,261,bridge,bridge,23.249833,91.3091944,116.422,A
N1,262,bridge,bridge,23.248333,91.3098056,116.608,B
N1,263,link,link,23.2481663,91.3098889,116.631,
N1,264,link,link,23.2452774,91.3110556,116.978,
N1,265,link,link,23.243083,91.3119167,117.248,
N1,266,bridge,bridge,23.2416941,91.3123611,117.411,B
N1,267,bridge,bridge,23.2344997,91.3131667,118.228,A
N1,268,link,link,23.2343052,91.3131667,118.248,
N1,269,link,link,23.2314993,91.3132222,118.563,
N1,270,bridge,bridge,23.2275549,91.3135278,119.011,B
N1,271,link,link,23.2253882,91.3135833,119.248,
N1,272,bridge,bridge,23.221416,91.3137222,119.698,A
N1,273,link,link,23.2184993,91.3143889,120.026,
N1,274,link,link,23.2165556,91.3149167,120.248,
N1,275,bridge,bridge,23.2103056,91.3157222,120.966,A
N1,276,link,link,23.2078889,91.3159722,121.248,
N1,277,bridge,bridge,23.201,91.3168049,122.019,C
N1,278,link,link,23.1990274,91.3170549,122.248,
N1,279,bridge,bridge,23.1921108,91.3185549,123.113,B
N1,280,link,link,23.1909997,91.3192493,123.248,
N1,281,bridge,bridge,23.1866941,91.3212493,123.771,B
N1,282,link,link,23.1866108,91.3212771,123.783,
N1,283,link,link,23.1826382,91.3210827,124.248,
N1,284,bridge,bridge,23.1773604,91.3198049,124.862,A
N1,285,link,link,23.172916,91.3205271,125.377,
N1,286,bridge,bridge,23.1681382,91.3213604,125.923,B
N1,287,link,link,23.1680549,91.3213604,125.937,
N1,288,link,link,23.1641389,91.3214993,126.377,
N1,289,bridge,bridge,23.1571667,91.3224993,127.169,B
N1,290,link,link,23.1554167,91.3232771,127.377,
N1,291,bridge,bridge,23.1496941,91.3254993,128.009,B
N1,292,link,link,23.1480274,91.3264993,128.278,
N1,293,link,link,23.1471663,91.3266938,128.377,
N1,294,bridge,bridge,23.1433886,91.326666,128.798,B
N1,295,link,link,23.1382219,91.3263049,129.377,
N1,296,bridge,bridge,23.1374163,91.3264716,129.479,B
N1,297,link,link,23.1295827,91.3284993,130.377,
N1,298,bridge,bridge,23.1290827,91.3287216,130.447,B
N1,299,link,link,23.1234993,91.3311382,131.122,
N1,300,link,link,23.1213327,91.3320549,131.377,
N1,301,bridge,bridge,23.1193049,91.3329993,131.625,A
N1,302,link,link,23.1191382,91.3330827,131.653,
N1,303,link,link,23.1113611,91.3378052,132.653,
N1,304,bridge,bridge,23.1108056,91.3381386,132.728,A
N1,305,link,link,23.1051111,91.3413608,133.448,
N1,306,link,link,23.1035,91.3422497,133.653,
N1,307,bridge,bridge,23.1005833,91.3437774,134.021,A
N1,308,bridge,bridge,23.0961941,91.3461108,134.571,B
N1,309,link,link,23.095583,91.3464441,134.653,
N1,310,bridge,bridge,23.0901108,91.3494163,135.341,B
N1,311,link,link,23.0876108,91.3508889,135.653,
N1,312,link,link,23.0849719,91.3524722,135.998,
N1,313,link,link,23.0808049,91.3548611,136.525,
N1,314,link,link,23.0806938,91.3549444,136.542,
N1,315,link,link,23.0792493,91.3558333,136.735,
N1,316,bridge,bridge,23.0732493,91.3594167,137.501,B
N1,317,link,link,23.0712493,91.3599722,137.735,
N1,318,link,link,23.0688604,91.3607222,138.01,
N1,319,link,link,23.0636944,91.3616389,138.621,
N1,320,link,link,23.0635278,91.3616389,138.639,
N1,321,bridge,bridge,23.0614722,91.3616667,138.869,A
N1,322,link,link,23.0538611,91.3637222,139.751,
N1,323,bridge,bridge,23.0479441,91.3651389,140.251,A
N1,324,link,link,23.0449719,91.3653611,140.772,
N1,325,link,link,23.0427774,91.3654444,140.968,
N1,326,link,link,23.0398052,91.3656111,141.304,
N1,327,link,link,23.0360274,91.36575,141.772,
N1,328,bridge,bridge,23.029416,91.3656389,142.507,A
N1,329,link,link,23.0269716,91.3655,142.794,
N1,330,link,link,23.0248327,91.3655278,143.034,
N1,331,link,link,23.0193604,91.3697771,143.795,
N1,332,link,link,23.0185271,91.3708327,143.946,
N1,333,link,link,23.0140833,91.3759716,144.67,
N1,334,link,link,23.0132778,91.3769438,144.795,
N1,335,bridge,bridge,23.0095556,91.3813604,145.409,A
N1,336,link,link,23.0018889,91.3920552,146.816,
N1,337,link,link,22.9963886,91.3998052,147.816,
N1,338,link,link,22.9961941,91.4005,147.901,
N1,339,link,link,22.9960552,91.4006667,147.924,
N1,340,link,link,22.9906941,91.4072222,148.841,
N1,341,link,link,22.9877774,91.41,149.289,
N1,342,link,link,22.9858886,91.4120556,149.585,
N1,343,link,link,22.9842219,91.4137222,149.841,
N1,344,link,link,22.9774438,91.4205827,150.892,
N1,345,link,link,22.9711382,91.4273882,151.892,
N1,346,link,link,22.9663333,91.4356108,152.892,
N1,347,link,link,22.9624167,91.4416941,153.672,
N1,348,link,link,22.9618056,91.4424997,153.781,
N1,349,link,link,22.9611667,91.4433886,153.892,
N1,350,link,link,22.9561389,91.4517778,154.935,
N1,351,link,link,22.9514444,91.4600278,155.935,
N1,352,link,link,22.9479997,91.4689993,156.947,
N1,353,link,link,22.9483608,91.4761382,157.685,
N1,354,link,link,22.9484997,91.4786938,157.947,
N1,355,link,link,22.9497497,91.4883608,158.955,
N1,356,link,link,22.9497774,91.4980274,159.955,
N1,357,link,link,22.9496663,91.5007778,160.243,
N1,358,link,link,22.949583,91.5027778,160.454,
N1,359,link,link,22.9482774,91.50725,160.963,
N1,360,link,link,22.9439441,91.5108611,161.582,
N1,361,link,link,22.940833,91.5124444,161.963,
N1,362,link,link,22.9329716,91.5172216,162.963,
N1,363,link,link,22.9248882,91.5213327,163.963,
N1,364,link,link,22.9167216,91.5253882,164.963,
N1,365,link,link,22.9156667,91.5259438,165.097,
N1,366,link,link,22.9138056,91.5268604,165.325,
N1,367,link,link,22.9085833,91.5294993,165.963,
N1,368,bridge,bridge,22.9046667,91.5314438,166.427,A
N1,369,link,link,22.9003333,91.5333608,166.963,
N1,370,link,link,22.8994441,91.5336108,167.046,
N1,371,link,link,22.8939997,91.5346941,167.683,
N1,372,link,link,22.8929719,91.5350274,167.796,
N1,373,link,link,22.8921663,91.5353052,167.9,
N1,374,link,link,22.8916386,91.5354719,167.963,
N1,375,link,link,22.8829993,91.5381663,168.963,
N1,376,bridge,bridge,22.875166,91.5407219,169.878,A
N1,377,link,link,22.8744438,91.5409719,169.963,
N1,378,bridge,bridge,22.8731382,91.5414441,170.125,A
N1,379,bridge,bridge,22.868416,91.5431663,170.681,A
N1,380,link,link,22.8661111,91.5439997,170.963,
N1,381,bridge,bridge,22.86111772310757,91.54512584501992,171.539,A
N1,382,bridge,bridge,22.8595833,91.5454719,171.716,A
N1,383,link,link,22.8575556,91.5456386,171.963,
N1,384,bridge,bridge,22.856,91.5457219,172.128,A
N1,385,bridge,bridge,22.8550556,91.545833,172.241,A
N1,386,link,link,22.8486663,91.5463608,172.963,
N1,387,bridge,bridge,22.8485274,91.5463886,172.98,A
N1,388,bridge,bridge,22.8484441,91.5464163,172.99,C
N1,389,link,link,22.8452219,91.5475274,173.37,
N1,390,link,link,22.8432497,91.5482219,173.61,
N1,391,link,link,22.8401941,91.5490552,173.963,
N1,392,link,link,22.8372497,91.5492497,174.277,
N1,393,link,link,22.8313882,91.5503611,174.963,
N1,394,link,link,22.8239438,91.5528333,175.835,
N1,395,link,link,22.8228049,91.5531389,175.963,
N1,396,link,link,22.8141389,91.5555833,176.963,
N1,397,link,link,22.8110556,91.5563889,177.303,
N1,398,link,link,22.808,91.5579167,177.709,
N1,399,link,link,22.8059722,91.5589167,177.961,
N1,400,link,link,22.8059444,91.5589167,177.963,
N1,401,bridge,bridge,22.8045833,91.5591111,178.118,A
N1,402,link,link,22.7974719,91.5613611,178.963,
N1,403,bridge,bridge,22.7934163,91.5633333,179.456,B
N1,404,link,link,22.7896108,91.5654444,179.928,
N1,405,link,link,22.7893608,91.5655833,179.963,
N1,406,link,link,22.7813327,91.5695271,180.957,
N1,407,link,link,22.7812216,91.5695827,180.963,
N1,408,bridge,bridge,22.7811382,91.5696382,180.978,A
N1,409,link,link,22.7771104,91.5713327,181.464,
N1,410,link,link,22.7732771,91.5733604,181.939,
N1,411,link,link,22.7730271,91.5734716,181.963,
N1,412,bridge,bridge,22.7693604,91.5756104,182.432,A
N1,413,link,link,22.7661944,91.5779993,182.434,
N1,414,link,link,22.7654722,91.5785549,182.963,
N1,415,bridge,bridge,22.7621944,91.5811382,183.416,A
N1,416,link,link,22.7585278,91.5845274,183.963,
N1,417,bridge,bridge,22.7526389,91.5893608,184.783,A
N1,418,bridge,bridge,22.7525,91.5894719,184.806,B
N1,419,link,link,22.7513333,91.5903608,184.963,
N1,420,link,link,22.7496386,91.5916386,185.195,
N1,421,link,link,22.7435552,91.5949163,185.963,
N1,422,link,link,22.7433052,91.5950274,185.995,
N1,423,link,link,22.7349997,91.5979441,186.963,
N1,424,bridge,bridge,22.7349163,91.5979719,186.975,A
N1,425,link,link,22.7263882,91.6007778,187.963,
N1,426,bridge,bridge,22.7221104,91.6030833,188.502,A
N1,427,link,link,22.7185549,91.6053056,188.963,
N1,428,link,link,22.7165556,91.6065556,189.223,
N1,429,link,link,22.716,91.6069167,189.298,
N1,430,link,link,22.7143889,91.6079444,189.513,
N1,431,bridge,bridge,22.7124167,91.6090556,189.769,A
N1,432,link,link,22.7076111,91.6118056,190.376,
N1,433,link,link,22.7065556,91.6123611,190.513,
N1,434,bridge,bridge,22.706,91.6126944,190.581,A
N1,435,link,link,22.7033056,91.6142222,190.923,
N1,436,link,link,22.7002222,91.6157778,191.304,
N1,437,link,link,22.6984997,91.616666,191.524,
N1,438,bridge,bridge,22.6919719,91.6198604,192.308,A
N1,439,link,link,22.6904163,91.6205271,192.524,
N1,440,bridge,bridge,22.689583,91.6208327,192.622,A
N1,441,link,link,22.685083,91.6228327,193.166,
N1,442,link,link,22.6825549,91.6241938,193.483,
N1,443,bridge,bridge,22.6769438,91.6268327,194.153,A
N1,444,bridge,bridge,22.6751382,91.6274438,194.384,A
N1,445,link,link,22.6743049,91.6277493,194.483,
N1,446,bridge,bridge,22.6733049,91.6280827,194.603,A
N1,447,link,link,22.6722493,91.6285271,194.734,
N1,448,link,link,22.6678604,91.6301104,195.24,
N1,449,link,link,22.6649167,91.6315549,195.61,
N1,450,bridge,bridge,22.6638333,91.6321382,195.748,A
N1,451,bridge,bridge,22.6596667,91.6347219,196.288,A
N1,452,link,link,22.6571389,91.636333,196.61,
N1,453,link,link,22.6543889,91.6381386,196.967,
N1,454,link,link,22.6527778,91.6391663,197.176,
N1,455,link,link,22.6494997,91.640833,197.587,
N1,456,bridge,bridge,22.6489997,91.6411108,197.654,A
N1,457,bridge,bridge,22.6452774,91.6430552,198.117,A
N1,458,link,link,22.641583,91.6451108,198.587,
N1,459,bridge,bridge,22.6338608,91.6494719,199.561,A
N1,460,link,link,22.6330827,91.649833,199.648,
N1,461,bridge,bridge,22.6320271,91.6503889,199.783,A
N1,462,bridge,bridge,22.625916,91.6541389,200.565,A
N1,463,link,link,22.6252216,91.6545278,200.648,
N1,464,bridge,bridge,22.6234716,91.6553056,200.867,A
N1,465,link,link,22.6206938,91.6563611,201.2,
N1,466,link,link,22.6194993,91.6568889,201.363,
N1,467,link,link,22.6180271,91.6578333,201.383,
N1,468,link,link,22.6175271,91.65825,201.636,
N1,469,link,link,22.6169716,91.65875,201.727,
N1,470,bridge,bridge,22.6168604,91.6588611,201.743,A
N1,471,link,link,22.6123889,91.6622222,202.355,
N1,472,link,link,22.6094444,91.6638333,202.727,
N1,473,bridge,bridge,22.6088889,91.6641111,202.799,A
N1,474,link,link,22.6015833,91.6688327,203.751,
N1,475,bridge,bridge,22.601,91.6692771,203.881,A
N1,476,link,link,22.6000556,91.6699438,203.996,
N1,477,link,link,22.5994441,91.6703049,204.045,
N1,478,link,link,22.5942219,91.6737771,204.726,
N1,479,link,link,22.5939997,91.6738327,204.751,
N1,480,bridge,bridge,22.5907497,91.6754716,205.159,C
N1,481,link,link,22.584583,91.6780827,205.916,
N1,482,bridge,bridge,22.5836663,91.6784716,206.033,A
N1,483,link,link,22.5834997,91.6785827,206.059,
N1,484,link,link,22.580666,91.6799438,206.402,
N1,485,link,link,22.5779438,91.6811382,206.733,
N1,486,link,link,22.5763604,91.6818049,206.916,
N1,487,bridge,bridge,22.5731938,91.6830827,207.293,A
N1,488,bridge,bridge,22.5730549,91.6831938,207.311,A
N1,489,link,link,22.5679716,91.6846941,207.916,
N1,490,bridge,bridge,22.5664722,91.6851663,208.094,A
N1,491,link,link,22.5641389,91.6859163,208.369,
N1,492,link,link,22.564,91.6859441,208.383,
N1,493,link,link,22.5624722,91.6863608,208.6,
N1,494,link,link,22.5594444,91.6872219,208.916,
N1,495,link,link,22.5514167,91.6896941,209.855,
N1,496,bridge,bridge,22.5503056,91.6902774,209.999,A
N1,497,bridge,bridge,22.5501667,91.6903886,210.03,A
N1,498,link,link,22.5438886,91.6945274,210.855,
N1,499,bridge,bridge,22.5428608,91.6950274,210.974,A
N1,500,link,link,22.5354997,91.6979441,211.856,
N1,501,bridge,bridge,22.5347774,91.698333,211.946,A
N1,502,link,link,22.5273049,91.7019444,212.856,
N1,503,link,link,22.519416,91.7053611,213.813,
N1,504,link,link,22.519265407228914,91.70540328072288,213.831,
N1,505,link,link,22.5187216,91.7055556,213.896,
N1,506,bridge,bridge,22.5165556,91.7065833,214.172,A
N1,507,link,link,22.5161667,91.70675,214.217,
N1,508,link,link,22.5147222,91.7074444,214.399,
N1,509,link,link,22.5131389,91.7080833,214.593,
N1,510,link,link,22.5127778,91.7082222,214.634,
N1,511,link,link,22.5106111,91.7090833,214.896,
N1,512,bridge,bridge,22.5094444,91.7096389,215.04,A
N1,513,bridge,bridge,22.5093611,91.7096944,215.052,A
N1,514,link,link,22.5074444,91.7105556,215.291,
N1,515,link,link,22.5073056,91.7106389,215.309,
N1,516,link,link,22.503,91.7128056,215.839,
N1,517,link,link,22.5025556,91.7130556,215.896,
N1,518,bridge,bridge,22.4969163,91.7155556,216.581,B
N1,519,link,link,22.4968052,91.7156389,216.6,
N1,520,link,link,22.494583,91.7170827,216.896,
N1,521,bridge,bridge,22.4869441,91.7192771,217.783,A
N1,522,link,link,22.4854163,91.7195549,217.957,
N1,523,bridge,bridge,22.48280706570156,91.72005100244988,218.254,A
N1,524,link,link,22.4775271,91.7210549,218.855,
N1,525,link,link,22.4773049,91.7211104,218.88,
N1,526,link,link,22.4765271,91.7213327,218.969,
N1,527,link,link,22.4694438,91.7250549,219.852,
N1,528,link,link,22.468416,91.7255827,219.988,
N1,529,link,link,22.4603056,91.7295827,220.988,
N1,530,bridge,bridge,22.4588333,91.7303604,221.172,A
N1,531,link,link,22.4586389,91.7304716,221.198,
N1,532,link,link,22.45182350044248,91.7331283022124,222.006,
N1,533,link,link,22.4433886,91.7364163,223.006,
N1,534,bridge,bridge,22.4424997,91.7366663,223.11,A
N1,535,bridge,bridge,22.4422219,91.7367497,223.141,A
N1,536,link,link,22.4349719,91.7396941,224.066,
N1,537,link,link,22.4333049,91.7403608,224.203,
N1,538,link,link,22.4307493,91.7415274,224.514,
N1,539,link,link,22.4304438,91.7417219,224.557,
N1,540,link,link,22.4269716,91.7439997,225.006,
N1,541,link,link,22.4198882,91.7497774,226.006,
N1,542,link,link,22.4185549,91.7504722,226.171,
N1,543,link,link,22.4182771,91.7506667,226.209,
N1,544,link,link,22.4119167,91.7543611,227.006,
N1,545,bridge,bridge,22.4101111,91.7544444,227.206,A
N1,546,link,link,22.4084167,91.7551389,227.412,
N1,547,link,link,22.40839921010101,91.75514357643098,227.414,
N1,548,link,link,22.4032222,91.7565278,228.006,
N1,549,bridge,bridge,22.3996108,91.7573333,228.406,A
N1,550,bridge,bridge,22.3988608,91.7576667,228.51,A
N1,551,link,link,22.3988052,91.7576667,228.517,
N1,552,link,link,22.3944997,91.7586944,229.006,
N1,553,bridge,bridge,22.3937774,91.7588056,229.065,A
N1,554,link,link,22.3921108,91.75925,229.282,
N1,555,link,link,22.3892497,91.7605,229.633,
N1,556,link,link,22.3887497,91.7607222,229.692,
N1,557,link,link,22.3861663,91.7618333,230.006,
N1,558,bridge,bridge,22.3815271,91.7652222,230.631,A
N1,559,link,link,22.379166,91.7675827,231.006,
N1,560,bridge,bridge,22.3764716,91.770416,231.442,A
N1,561,link,link,22.3762254893617,91.77054326631206,231.461,
N1,562,link,link,22.369166,91.7741938,232.006,
N1,563,link,link,22.3691382,91.777666,232.561,
N1,564,link,link,22.3586667,91.7822771,232.754,
N1,565,bridge,bridge,22.3644444,91.8511111,241.063,B
N1,566,link,link,22.3646111,91.8508333,241.456,
N1,567,bridge,bridge,22.3632778,91.8514722,241.625,A
N1,568,link,link,22.3561111,91.8531667,242.456,
N1,569,bridge,bridge,22.3555,91.8530833,242.527,A
N1,570,bridge,bridge,22.3553889,91.8530556,242.541,A
N1,571,link,link,22.3473886,91.8519444,243.456,
N1,572,bridge,bridge,22.3427219,91.8531389,244.005,A
N1,573,link,link,22.3423608,91.8530833,244.049,
N1,574,link,link,22.3387497,91.8534722,244.456,
N1,575,bridge,bridge,22.338362487628867,91.853695585567,244.508,B
N1,576,link,link,22.3380274,91.8538889,244.553,
N1,577,link,link,22.3373886,91.8542778,244.633,
N1,578,link,link,22.3370274,91.8545278,244.68,
N1,579,link,link,22.3314716,91.8515556,245.456,
N1,580,bridge,bridge,22.3297493,91.8521111,245.665,B
N1,581,link,link,22.3228327,91.8535556,246.456,
N1,582,bridge,bridge,22.3212771,91.8536111,246.634,A
N1,583,link,link,22.3153611,91.8553056,247.336,
N1,584,link,link,22.3152222,91.8553333,247.352,
N1,585,link,link,22.3148889,91.8553889,247.397,
N1,586,bridge,bridge,22.3108333,91.8570278,247.893,A
N1,587,link,link,22.3106111,91.8570833,247.923,
N1,588,link,link,22.30825,91.8589722,248.25,
N1,589,link,link,22.3071944,91.8598611,248.397,
N1,590,bridge,bridge,22.3043056,91.8621667,248.797,A
N1,591,link,link,22.3021667,91.8639444,249.106,
N1,592,link,link,22.2998886,91.8655833,249.399,
N1,593,bridge,bridge,22.2950274,91.8671938,249.967,A
N1,594,link,link,22.2919441,91.8693327,250.394,
N1,595,link,link,22.2916663,91.8696382,250.445,
N1,596,link,link,22.2916108,91.8711382,250.615,
N1,597,link,link,22.293583,91.8748604,251.062,
N1,598,link,link,22.2946386,91.8770827,251.324,
N1,599,link,link,22.2949163,91.877666,251.391,
N1,600,bridge,bridge,22.2951108,91.8781104,251.445,A
N1,601,link,link,22.2983886,91.885583,251.708,
N1,602,link,link,22.2985552,91.886333,252.397,
N1,603,link,link,22.3,91.8915552,252.956,
N1,604,link,link,22.3005833,91.892833,253.397,
N1,605,bridge,bridge,22.3015833,91.897333,253.57,B
N1,606,link,link,22.3027222,91.9015556,254.024,
N1,607,link,link,22.3029722,91.9025,254.127,
N1,608,link,link,22.3053611,91.9106389,254.999,
N1,609,link,link,22.3070556,91.9128056,255.302,
N1,610,link,link,22.3096944,91.91575,255.726,
N1,611,link,link,22.3114167,91.9176382,255.999,
N1,612,bridge,bridge,22.3124722,91.9188327,256.167,A
N1,613,link,link,22.3156389,91.9224993,256.688,
N1,614,link,link,22.3158889,91.9235827,256.809,
N1,615,link,link,22.3155556,91.9253882,256.999,
N1,616,bridge,bridge,22.3137778,91.9322216,257.749,B
N1,617,link,link,22.31375,91.9345274,257.999,
N1,618,link,link,22.3136389,91.9438886,258.999,
N1,619,link,link,22.3098611,91.9477219,259.617,
N1,620,link,link,22.3067222,91.9491941,260.01,
N1,621,link,link,22.3025,91.9553889,261.01,
N1,622,bridge,bridge,22.3010278,91.9641667,261.936,A
N1,623,bridge,bridge,22.3009444,91.9646667,261.988,A
N1,624,link,link,22.3009167,91.9648889,262.01,
N1,625,link,link,22.2979441,91.973916,263.01,
N1,626,bridge,bridge,22.2956941,91.9787493,263.578,A
N1,627,link,link,22.295333,91.9803049,263.744,
N1,628,link,link,22.2934997,91.9816382,264.01,
N1,629,bridge,bridge,22.2933608,91.9821104,264.07,A
N1,630,bridge,bridge,22.292083,91.9822493,264.216,A
N1,631,link,link,22.291833,91.9823327,264.237,
N1,632,link,link,22.2878052,91.9883886,265.01,
N1,633,bridge,bridge,22.286583,91.9911108,265.313,B
N1,634,link,link,22.2863052,91.991583,265.385,
N1,635,bridge,bridge,22.2862497,91.9916941,265.41,B
N1,636,link,link,22.2836386,91.9967497,266.01,
N1,637,bridge,bridge,22.2820549,91.9986663,266.28,A
N1,638,link,link,22.2761938,92.0043889,267.205,
N1,639,bridge,bridge,22.2745827,92.0053056,267.419,A
N1,640,link,link,22.2722493,92.0055278,267.689,
N1,641,link,link,22.2676104,92.0058056,268.205,
N1,642,bridge,bridge,22.2622222,92.0070556,268.831,C
N1,643,link,link,22.26210145564516,92.00708382580645,268.845,
N1,644,bridge,bridge,22.2600833,92.0075556,269.079,B
N1,645,link,link,22.259,92.0081389,269.205,
N1,646,link,link,22.2557222,92.0096111,269.608,
N1,647,link,link,22.2538611,92.01125,269.876,
N1,648,link,link,22.2517222,92.0133333,270.205,
N1,649,link,link,22.249333,92.0152778,270.548,
N1,650,link,link,22.2449997,92.019166,271.205,
N1,651,link,link,22.2410552,92.0215271,271.807,
N1,652,link,link,22.2371941,92.0230549,272.286,
N1,653,link,link,22.236083,92.0234716,272.425,
N1,654,bridge,bridge,22.2327771,92.0245549,272.81,B
N1,655,link,link,22.2316938,92.0248882,272.989,
N1,656,link,link,22.2315827,92.0249438,273.003,
N1,657,link,link,22.227916,92.0258882,273.219,
N1,658,link,link,22.2278882,92.025916,273.231,
N1,659,link,link,22.2277771,92.0259438,273.243,
N1,660,link,link,22.2240271,92.0270827,273.68,
N1,661,link,link,22.2192493,92.0278882,274.219,
N1,662,link,link,22.2170549,92.0281382,274.467,
N1,663,link,link,22.2131389,92.0304993,274.982,
N1,664,link,link,22.2116111,92.0318049,275.219,
N1,665,bridge,bridge,22.2084444,92.0356663,275.761,B
N1,666,link,link,22.2080278,92.0357774,275.816,
N1,667,link,link,22.2059444,92.0370274,276.102,
N1,668,link,link,22.2058889,92.0371386,276.114,
N1,669,link,link,22.2054167,92.0380274,276.219,
N1,670,link,link,22.1977774,92.0433886,277.313,
N1,671,link,link,22.1917219,92.0453608,278.013,
N1,672,link,link,22.1897497,92.046583,278.326,
N1,673,link,link,22.1822771,92.0513889,279.339,
N1,674,bridge,bridge,22.1750827,92.0528611,280.16,A
N1,675,link,link,22.1735827,92.0534167,280.339,
N1,676,link,link,22.1652222,92.0548889,281.339,
N1,677,link,link,22.1629722,92.0641944,282.339,
N1,678,link,link,22.1596667,92.0674716,282.854,
N1,679,bridge,bridge,22.1580556,92.0686104,283.071,A
N1,680,link,link,22.156,92.0701104,283.339,
N1,681,bridge,bridge,22.1509722,92.0696938,284.003,A
N1,682,link,link,22.1508889,92.069666,284.012,
N1,683,link,link,22.1491386,92.0696104,284.218,
N1,684,link,link,22.1406663,92.0697771,285.169,
N1,685,bridge,bridge,22.1379163,92.0698882,285.472,A
N1,686,link,link,22.1334441,92.0700827,285.973,
N1,687,link,link,22.1320549,92.0701938,286.134,
N1,688,link,link,22.1308049,92.070416,286.253,
N1,689,link,link,22.1304716,92.0704993,286.314,
N1,690,link,link,22.1285271,92.0708604,286.538,
N1,691,link,link,22.1282771,92.070916,286.569,
N1,692,link,link,22.1240271,92.0715827,287.054,
N1,693,bridge,bridge,22.123666,92.0716382,287.064,A
N1,694,link,link,22.1208049,92.0719438,287.453,
N1,695,link,link,22.1151944,92.072416,288.054,
N1,696,bridge,bridge,22.1133056,92.0726938,288.336,A
N1,697,link,link,22.1062222,92.0738049,289.054,
N1,698,bridge,bridge,22.1021667,92.0740549,289.612,A
N1,699,link,link,22.0993052,92.0743604,289.724,
N1,700,bridge,bridge,22.0977497,92.0750271,289.974,A
N1,701,link,link,22.097583,92.0752216,290.004,
N1,702,bridge,bridge,22.0942219,92.0798604,290.616,A
N1,703,link,link,22.092833,92.0812493,290.838,
N1,704,link,link,22.0876941,92.088583,291.794,
N1,705,bridge,bridge,22.0844441,92.0924997,292.34,A
N1,706,link,link,22.0826104,92.0958886,292.758,
N1,707,link,link,22.081166,92.0982774,293.058,
N1,708,link,link,22.0752216,92.1001944,293.758,
N1,709,bridge,bridge,22.0699438,92.1038333,294.462,A
N1,710,link,link,22.0698049,92.104,294.495,
N1,711,link,link,22.0686938,92.10525,294.672,
N1,712,bridge,bridge,22.0641667,92.107,295.238,A
N1,713,link,link,22.0638611,92.1070833,295.283,
N1,714,bridge,bridge,22.0605556,92.1078056,295.663,A
N1,715,link,link,22.0604722,92.1078611,295.672,
N1,716,bridge,bridge,22.0568611,92.1090833,296.095,A
N1,717,bridge,bridge,22.0522778,92.1091111,296.61,A
N1,718,link,link,22.0516944,92.1090278,296.672,
N1,719,bridge,bridge,22.0486386,92.1082222,297.002,A
N1,720,bridge,bridge,22.0449719,92.1078333,297.441,A
N1,721,link,link,22.0443052,92.1073056,297.536,
N1,722,link,link,22.0434441,92.1063056,297.672,
N1,723,bridge,bridge,22.0379163,92.104,298.367,A
N1,724,link,link,22.037083,92.1039722,298.464,
N1,725,bridge,bridge,22.0320827,92.1041667,299.031,A
N1,726,link,link,22.028916,92.1035556,299.409,
N1,727,link,link,22.0284438,92.1032778,299.464,
N1,728,link,link,22.0283327,92.1031944,299.483,
N1,729,link,link,22.020666,92.1015556,300.382,
N1,730,bridge,bridge,22.0205549,92.1015,300.396,A
N1,731,link,link,22.0153056,92.094833,301.319,
N1,732,bridge,bridge,22.0077222,92.0927497,302.249,A
N1,733,link,link,22.0074167,92.0924997,302.298,
N1,734,bridge,bridge,22.0039167,92.0904163,302.763,A
N1,735,link,link,21.9999441,92.0880274,303.303,
N1,736,link,link,21.999833,92.0879997,303.319,
N1,737,bridge,bridge,21.9951108,92.0873608,303.866,A
N1,738,bridge,bridge,21.9950552,92.0872774,303.883,A
N1,739,link,link,21.9913886,92.086083,304.317,
N1,740,link,link,21.9908886,92.0859163,304.377,
N1,741,link,link,21.9907219,92.0858608,304.396,
N1,742,bridge,bridge,21.9893886,92.085333,304.556,A
N1,743,bridge,bridge,21.9862219,92.0835274,304.962,A
N1,744,link,link,21.9860552,92.0834441,304.986,
N1,745,link,link,21.9829716,92.0817771,305.375,
N1,746,bridge,bridge,21.9811104,92.0800271,305.64,A
N1,747,bridge,bridge,21.9810549,92.0799438,305.665,A
N1,748,link,link,21.9798882,92.0778327,305.919,
N1,749,link,link,21.9789716,92.0747493,306.261,
N1,750,link,link,21.9781104,92.0739993,306.394,
N1,751,link,link,21.9729438,92.0670827,307.411,
N1,752,link,link,21.9720827,92.0657222,307.582,
N1,753,link,link,21.967666,92.0635,308.146,
N1,754,link,link,21.9654167,92.0625556,308.411,
N1,755,link,link,21.9620278,92.0633611,308.666,
N1,756,bridge,bridge,21.9618611,92.0634444,308.687,A
N1,757,link,link,21.9590833,92.0653889,309.059,
N1,758,link,link,21.9578333,92.0665833,309.411,
N1,759,bridge,bridge,21.9569167,92.0673327,309.496,A
N1,760,link,link,21.9516111,92.0678604,310.017,
N1,761,link,link,21.9514444,92.0678604,310.038,
N1,762,link,link,21.9489441,92.0675271,310.341,
N1,763,bridge,bridge,21.9446663,92.0668049,310.802,A
N1,764,link,link,21.940583,92.0643889,311.341,
N1,765,bridge,bridge,21.9354441,92.0623056,311.956,A
N1,766,link,link,21.9333608,92.0614167,312.209,
N1,767,link,link,21.9322216,92.06075,312.366,
N1,768,bridge,bridge,21.931666,92.0603611,312.444,A
N1,769,link,link,21.9296104,92.0592778,312.708,
N1,770,link,link,21.9235827,92.0585,313.381,
N1,771,bridge,bridge,21.9177216,92.0597778,313.966,A
N1,772,bridge,bridge,21.9160833,92.0601389,314.269,A
N1,773,link,link,21.9148333,92.0604722,314.416,
N1,774,bridge,bridge,21.9128611,92.0606667,314.639,A
N1,775,bridge,bridge,21.9083889,92.0605278,315.15,A
N1,776,link,link,21.9059444,92.0609167,315.42,
N1,777,bridge,bridge,21.9031667,92.0611667,315.728,A
N1,778,link,link,21.8969997,92.0612222,316.293,
N1,779,bridge,bridge,21.89646793301105,92.06108684571824,316.356,A
N1,780,bridge,bridge,21.8908886,92.0596667,317.017,A
N1,781,link,link,21.8883886,92.0600833,317.299,
N1,782,bridge,bridge,21.8810271,92.0589722,318.132,A
N1,783,link,link,21.879416,92.0590833,318.311,
N1,784,link,link,21.874916,92.0591111,318.819,
N1,785,link,link,21.8704993,92.0591389,319.32,
N1,786,link,link,21.8625,92.0595,320.227,
N1,787,link,link,21.8616389,92.0596111,320.32,
N1,788,bridge,bridge,21.8597222,92.0602778,320.542,A
N1,789,link,link,21.8592222,92.0604444,320.601,
N1,790,link,link,21.85275,92.0609722,321.325,
N1,791,bridge,bridge,21.8526111,92.0609722,321.346,B
N1,792,link,link,21.8505,92.0609444,321.575,
N1,793,link,link,21.8441386,92.0628056,322.34,
N1,794,bridge,bridge,21.842583,92.0638611,322.553,A
N1,795,link,link,21.8399719,92.0651389,322.875,
N1,796,link,link,21.8363052,92.067416,323.357,
N1,797,bridge,bridge,21.8336663,92.0684438,323.671,C
N1,798,link,link,21.8322216,92.0689993,323.842,
N1,799,link,link,21.8280827,92.0712771,324.324,
N1,800,link,link,21.8256938,92.0723882,324.618,
N1,801,link,link,21.8252771,92.0725549,324.666,
N1,802,link,link,21.8208882,92.0741104,325.183,
N1,803,link,link,21.8195271,92.0741382,325.332,
N1,804,link,link,21.8179716,92.073916,325.513,
N1,805,link,link,21.8119444,92.0776382,326.344,
N1,806,bridge,bridge,21.8045278,92.077166,327.188,B
N1,807,link,link,21.8031389,92.0772493,327.344,
N1,808,link,link,21.8030278,92.0772771,327.359,
N1,809,link,link,21.8029167,92.0772771,327.369,
N1,810,link,link,21.7941941,92.0783882,328.362,
N1,811,bridge,bridge,21.7873886,92.0788882,329.137,A
N1,812,link,link,21.7864997,92.0790271,329.237,
N1,813,link,link,21.7853052,92.079166,329.375,
N1,814,link,link,21.7836941,92.0792771,329.555,
N1,815,link,link,21.7782493,92.0840552,330.374,
N1,816,bridge,bridge,21.7776382,92.0843886,330.454,A
N1,817,link,link,21.7758049,92.0851108,330.679,
N1,818,link,link,21.7737216,92.0840552,330.874,
N1,819,link,link,21.7732771,92.0837219,331.009,
N1,820,link,link,21.7713049,92.0818327,331.302,
N1,821,bridge,bridge,21.7711938,92.0816382,331.326,A
N1,822,link,link,21.7693327,92.079416,331.637,
N1,823,link,link,21.7664722,92.0767771,332.066,
N1,824,link,link,21.7646389,92.075916,332.302,
N1,825,link,link,21.7596389,92.0764993,332.877,
N1,826,link,link,21.7546944,92.0770271,333.43,
N1,827,link,link,21.7466386,92.080916,334.432,
N1,828,bridge,bridge,21.7392497,92.0828604,335.297,A
N1,829,link,link,21.738083,92.0834163,335.438,
N1,830,bridge,bridge,21.7376386,92.0834719,335.489,A
N1,831,link,link,21.7315827,92.0838052,336.169,
N1,832,link,link,21.7299993,92.083833,336.35,
N1,833,link,link,21.7296382,92.083833,336.389,
N1,834,link,link,21.7290271,92.0838608,336.458,
N1,835,bridge,bridge,21.7229438,92.0834719,337.147,A
N1,836,link,link,21.7215549,92.0830827,337.31,
N1,837,link,link,21.7204716,92.0822493,337.458,
N1,838,bridge,bridge,21.7169438,92.0824993,337.878,C
N1,839,link,link,21.7120833,92.0821104,338.491,
N1,840,link,link,21.7080278,92.0800549,339.018,
N1,841,link,link,21.7040556,92.0788604,339.507,
N1,842,link,link,21.7013611,92.0783882,339.817,
N1,843,link,link,21.6957497,92.0805827,340.515,
N1,844,link,link,21.6868608,92.0800827,341.527,
N1,845,link,link,21.678416,92.0770827,342.527,
N1,846,bridge,bridge,21.6747493,92.0766104,342.944,A
N1,847,bridge,bridge,21.6742216,92.0765549,343.006,A
N1,848,link,link,21.6704438,92.0762771,343.429,
N1,849,link,link,21.6695549,92.0760549,343.463,
N1,850,bridge,bridge,21.6688327,92.0759438,343.559,A
N1,851,bridge,bridge,21.6618889,92.074916,344.325,A
N1,852,link,link,21.6606111,92.0750827,344.468,
N1,853,bridge,bridge,21.6590556,92.0751382,344.644,A
N1,854,bridge,bridge,21.653,92.0751382,344.7,C
N1,855,link,link,21.6518056,92.0737771,345.484,
N1,856,bridge,bridge,21.6497219,92.0733049,345.721,A
N1,857,link,link,21.6491941,92.0733049,345.783,
N1,858,link,link,21.649083,92.0733049,345.801,
N1,859,link,link,21.6468052,92.0733604,346.052,
N1,860,link,link,21.6428608,92.0732216,346.499,
N1,861,link,link,21.634833,92.0770271,347.517,
N1,862,link,link,21.6259716,92.0773882,348.545,
N1,863,bridge,bridge,21.6213604,92.0724438,349.279,A
N1,864,link,link,21.6197771,92.0705271,349.545,
N1,865,bridge,bridge,21.617166,92.0679993,349.944,A
N1,866,link,link,21.6167771,92.0678049,349.995,
N1,867,link,link,21.6150556,92.0667771,350.054,
N1,868,link,link,21.61225,92.0652222,350.169,
N1,869,link,link,21.610086825,92.06399479375,350.309,
N1,870,link,link,21.6073056,92.0624167,350.489,
N1,871,link,link,21.6039167,92.0619444,351.286,
N1,872,link,link,21.603029505025123,92.061920540201,351.343,
N1,873,link,link,21.5977219,92.0617778,351.684,
N1,874,link,link,21.5951108,92.0611944,352.286,
N1,875,bridge,bridge,21.59379884019608,92.06161870980392,352.368,A
N1,876,link,link,21.588583,92.0633056,352.694,
N1,877,link,link,21.5875274,92.0650278,353.198,
N1,878,bridge,bridge,21.5861941,92.0650278,353.298,A
N1,879,bridge,bridge,21.584833,92.0652222,353.466,A
N1,880,link,link,21.5791938,92.0668049,354.197,
N1,881,bridge,bridge,21.5769993,92.0697216,354.326,A
N1,882,link,link,21.5717216,92.0718049,355.167,
N1,883,bridge,bridge,21.564,92.0702493,355.861,A
N1,884,link,link,21.5629444,92.0700271,356.187,
N1,885,link,link,21.5618056,92.0696382,356.322,
N1,886,link,link,21.5608333,92.0692771,356.443,
N1,887,link,link,21.5555,92.0679716,357.189,
N1,888,link,link,21.5553056,92.067916,357.385,
N1,889,link,link,21.5548889,92.0678049,357.437,
N1,890,link,link,21.5484719,92.0670827,357.86,
N1,891,link,link,21.548083,92.0670271,357.906,
N1,892,link,link,21.546583,92.0668327,358.089,
N1,893,link,link,21.538333,92.0639722,358.976,
N1,894,link,link,21.5294993,92.0650278,359.992,
N1,895,bridge,bridge,21.5283049,92.0650833,360.025,B
N1,896,link,link,21.5264716,92.0651944,360.237,
N1,897,link,link,21.5234716,92.0656111,360.581,
N1,898,link,link,21.5233049,92.0656389,360.601,
N1,899,link,link,21.5220827,92.0658611,360.74,
N1,900,link,link,21.520666,92.0661667,360.902,
N1,901,link,link,21.5161111,92.068166,361.457,
N1,902,link,link,21.5126944,92.0698604,361.881,
N1,903,link,link,21.5125556,92.0699438,361.908,
N1,904,bridge,bridge,21.5083889,92.0717493,362.42,A
N1,905,link,link,21.5069722,92.072916,362.624,
N1,906,link,link,21.505,92.0745549,362.908,
N1,907,bridge,bridge,21.4974719,92.0765549,363.819,A
N1,908,link,link,21.4968608,92.0769438,363.908,
N1,909,bridge,bridge,21.4964441,92.077166,363.956,A
N1,910,link,link,21.4901941,92.0818049,364.861,
N1,911,link,link,21.4870274,92.0898052,365.847,
N1,912,bridge,bridge,21.4851386,92.091333,366.121,A
N1,913,link,link,21.4793604,92.0938886,366.821,
N1,914,bridge,bridge,21.4767771,92.0957497,367.179,A
N1,915,link,link,21.4750549,92.0971663,367.429,
N1,916,link,link,21.4713604,92.0997497,367.951,
N1,917,bridge,bridge,21.4712216,92.0998886,367.972,A
N1,918,bridge,bridge,21.4708049,92.1002222,368.031,A
N1,919,link,link,21.4667216,92.1025,368.565,
N1,920,link,link,21.4635833,92.1029167,368.932,
N1,921,link,link,21.4564722,92.1038056,369.901,
N1,922,bridge,bridge,21.4545,92.10075,370.281,A
N1,923,link,link,21.4512778,92.0994441,370.703,
N1,924,link,link,21.4496108,92.0994997,370.925,
N1,925,bridge,bridge,21.4494719,92.0995274,370.982,A
N1,926,link,link,21.443833,92.1014167,371.58,
N1,927,link,link,21.4421663,92.1008611,371.804,
N1,928,link,link,21.4417497,92.1006667,371.86,
N1,929,link,link,21.4413608,92.1003611,371.922,
N1,930,bridge,bridge,21.4375552,92.0984997,372.389,A
N1,931,link,link,21.434583,92.0973886,372.733,
N1,932,link,link,21.4334441,92.0969997,372.882,
N1,933,bridge,bridge,21.4310271,92.0961941,373.167,C
N1,934,bridge,bridge,21.4290271,92.0954997,373.396,C
N1,935,link,link,21.4284993,92.0951941,373.475,
N1,936,link,link,21.4283604,92.0941663,373.588,
N1,937,link,link,21.4281104,92.0914719,373.872,
N1,938,bridge,bridge,21.427916,92.0896108,374.063,C
N1,939,bridge,bridge,21.4278882,92.0893886,374.088,B
N1,940,bridge,bridge,21.4271104,92.084083,374.649,C
N1,941,link,link,21.4269716,92.0821104,374.856,
N1,942,bridge,bridge,21.4267771,92.0804716,375.032,A
N1,943,link,link,21.4264716,92.0767771,375.416,
N1,944,link,link,21.4267216,92.0730827,375.82,
N1,945,bridge,bridge,21.427416,92.0707216,376.081,B
N1,946,link,link,21.4276938,92.0643611,376.82,
N1,947,bridge,bridge,21.4270827,92.0632778,376.951,A
N1,948,bridge,bridge,21.4273327,92.0608333,377.214,A
N1,949,bridge,bridge,21.4278882,92.0576667,377.551,D
N1,950,link,link,21.4280549,92.0554167,377.789,
N1,951,link,link,21.4280827,92.0551389,377.818,
N1,952,bridge,bridge,21.4280549,92.0529444,378.05,A
N1,953,bridge,bridge,21.4274993,92.0484441,378.513,A
N1,954,bridge,bridge,21.4275271,92.0483886,378.531,C
N1,955,link,link,21.4287771,92.0461941,378.803,
N1,956,bridge,bridge,21.4295549,92.044083,379.037,A
N1,957,bridge,bridge,21.4298049,92.0392774,379.537,C
N1,958,link,link,21.4296938,92.0368608,379.791,
N1,959,bridge,bridge,21.4289716,92.0348608,380.015,C
N1,960,bridge,bridge,21.4294438,92.0316104,380.377,B
N1,961,bridge,bridge,21.4300827,92.0304716,380.518,C
N1,962,bridge,bridge,21.430416,92.0293049,380.651,C
N1,963,link,link,21.430166,92.0283604,380.757,
N1,964,bridge,bridge,21.4298882,92.0279716,380.803,A
N1,965,bridge,bridge,21.4262493,92.0235827,381.416,B
N1,966,bridge,bridge,21.4258604,92.023166,381.481,A
N1,967,link,link,21.4258049,92.0232493,381.494,
N1,968,bridge,bridge,21.4225549,92.0274438,382.076,A
N1,969,bridge,bridge,21.4220827,92.0278604,382.147,A
N1,970,link,link,21.4199716,92.0302493,382.473,
N1,971,bridge,bridge,21.4191104,92.032416,382.739,A
N1,972,bridge,bridge,21.4165,92.0353052,383.188,B
N1,973,bridge,bridge,21.4156389,92.0367219,383.37,C
N1,974,link,link,21.4150556,92.037833,383.505,
N1,975,bridge,bridge,21.4135833,92.0393886,383.74,A
N1,976,bridge,bridge,21.4120556,92.039583,384.107,A
N1,977,bridge,bridge,21.4115,92.0438052,384.279,C
N1,978,bridge,bridge,21.4111667,92.0441108,384.327,A
N1,979,link,link,21.4103056,92.0453052,384.49,
N1,980,link,link,21.4101111,92.0458052,384.547,
N1,981,bridge,bridge,21.41025,92.0480552,384.79,A
N1,982,link,link,21.4103333,92.0508333,385.115,
N1,983,bridge,bridge,21.4094167,92.0531944,385.388,C
N1,984,link,link,21.4090833,92.05475,385.568,
N1,985,bridge,bridge,21.4079722,92.056,385.778,A
N1,986,link,link,21.4067222,92.0570556,385.947,
N1,987,bridge,bridge,21.4058611,92.0594167,386.24,B
N1,988,link,link,21.4040556,92.0619722,386.508,
N1,989,bridge,bridge,21.4039167,92.0628333,386.665,C
N1,990,link,link,21.4008889,92.0658611,387.146,
N1,991,link,link,21.3986941,92.0665556,387.409,
N1,992,link,link,21.398583,92.0665833,387.424,
N1,993,link,link,21.3971663,92.0668882,387.59,
N1,994,link,link,21.3969719,92.066916,387.609,
N1,995,bridge,bridge,21.393333,92.068166,388.044,C
N1,996,link,link,21.3891108,92.0686938,388.528,
N1,997,bridge,bridge,21.3889441,92.0688049,388.546,C
N1,998,link,link,21.3885274,92.0692771,388.603,
N1,999,bridge,bridge,21.3873052,92.0697771,388.751,D
N1,1000,link,link,21.3858886,92.0704438,388.927,
N1,1001,bridge,bridge,21.384583,92.0704993,389.08,B
N1,1002,link,link,21.3839441,92.0705827,389.156,
N1,1003,bridge,bridge,21.3826938,92.0710271,389.308,C
N1,1004,link,link,21.3813049,92.0710827,389.476,
N1,1005,link,link,21.3811104,92.0710827,389.506,
N1,1006,link,link,21.3796104,92.0706104,389.685,
N1,1007,bridge,bridge,21.378916,92.0703327,389.776,B
N1,1008,link,link,21.3775827,92.0703604,389.93,
N1,1009,link,link,21.3773882,92.0706104,389.969,
N1,1010,link,link,21.3762216,92.0718049,390.151,
N1,1011,link,link,21.3752493,92.0727771,390.316,
N1,1012,link,link,21.3747771,92.0734993,390.431,
N1,1013,link,link,21.3745549,92.0739716,390.496,
N1,1014,link,link,21.3742493,92.0755271,390.669,
N1,1015,link,link,21.3742493,92.0756938,390.685,
N1,1016,bridge,bridge,21.3736938,92.0768327,390.843,C
N1,1017,bridge,bridge,21.3731938,92.0773327,390.926,D
N1,1018,link,link,21.3714993,92.0785549,391.155,
N1,1019,link,link,21.3698327,92.0796104,391.361,
N1,1020,link,link,21.3678882,92.0803327,391.623,
N1,1021,link,link,21.3669438,92.0807771,391.757,
N1,1022,link,link,21.3662778,92.0810549,391.841,
N1,1023,link,link,21.3657222,92.0812771,391.905,
N1,1024,link,link,21.3644167,92.081416,392.056,
N1,1025,link,link,21.3615,92.0806382,392.397,
N1,1026,link,link,21.3580833,92.0790271,392.825,
N1,1027,link,link,21.35775,92.0790271,392.869,
N1,1028,bridge,bridge,21.3571944,92.0791104,392.933,A
N1,1029,bridge,bridge,21.3563333,92.0790827,393.029,B
N1,1030,link,link,21.35525,92.0790827,393.154,
N1,1031,bridge,bridge,21.3526667,92.0783327,393.459,A
N1,1032,link,link,21.3490552,92.0784716,393.876,
N1,1033,link,link,21.3463608,92.0790271,394.188,
N1,1034,link,link,21.3461386,92.0789993,394.214,
N1,1035,link,link,21.3414997,92.0788327,394.749,
N1,1036,link,link,21.3404997,92.0784993,394.872,
N1,1037,bridge,bridge,21.3381941,92.078916,395.14,A
N1,1038,bridge,bridge,21.3324716,92.0790827,395.797,A
N1,1039,link,link,21.3311104,92.0788604,395.961,
N1,1040,bridge,bridge,21.3297771,92.0787771,396.119,C
N1,1041,link,link,21.3295271,92.0789438,396.151,
N1,1042,link,link,21.324666,92.084583,396.98,
N1,1043,bridge,bridge,21.3241104,92.085333,397.086,C
N1,1044,bridge,bridge,21.3238049,92.0857219,397.141,A
N1,1045,bridge,bridge,21.3207493,92.0893052,397.651,A
N1,1046,link,link,21.3187493,92.0916108,397.988,
N1,1047,bridge,bridge,21.3179438,92.0921663,398.103,A
N1,1048,bridge,bridge,21.3177771,92.0922497,398.123,C
N1,1049,link,link,21.317666,92.0930274,398.205,
N1,1050,bridge,bridge,21.3125,92.096333,398.918,C
N1,1051,link,link,21.3121944,92.0966941,398.97,
N1,1052,link,link,21.3120278,92.0969163,398.994,
N1,1053,bridge,bridge,21.3101667,92.0974997,399.214,C
N1,1054,bridge,bridge,21.3039722,92.0967497,399.974,B
N1,1055,link,link,21.3037778,92.0968052,399.997,
N1,1056,link,link,21.2989441,92.0976108,400.552,
N1,1057,link,link,21.2956386,92.0993886,400.978,
N1,1058,link,link,21.2949997,92.0993886,401.052,
N1,1059,link,link,21.2949163,92.0994163,401.06,
N1,1060,link,link,21.2863608,92.1001667,402.024,
N1,1061,link,link,21.2839441,92.1005278,402.299,
N1,1062,link,link,21.282777512080536,92.10067986442952,402.435,
N1,1063,link,link,21.282666,92.1006944,402.448,
N1,1064,link,link,21.2790827,92.1019722,402.876,
N1,1065,link,link,21.277666,92.1026111,403.044,
N1,1066,link,link,21.2695827,92.1066111,404.04,
N1,1067,bridge,bridge,21.2694716,92.1066667,404.055,B
N1,1068,bridge,bridge,21.2678604,92.1088333,404.347,C
N1,1069,link,link,21.2677493,92.109,404.373,
N1,1070,bridge,bridge,21.2646111,92.1134444,404.954,C
N1,1071,link,link,21.2641111,92.1140833,405.044,
N1,1072,bridge,bridge,21.2639722,92.1141944,405.058,A
N1,1073,bridge,bridge,21.2637222,92.1144722,405.103,A
N1,1074,bridge,bridge,21.2623611,92.1161667,405.337,A
N1,1075,link,link,21.26225,92.1163056,405.355,
N1,1076,link,link,21.2580278,92.1214438,406.07,
N1,1077,bridge,bridge,21.2565556,92.122916,406.294,A
N1,1078,bridge,bridge,21.2565,92.1229716,406.307,A
N1,1079,link,link,21.2550278,92.1245827,406.546,
N1,1080,link,link,21.2537778,92.1266382,406.796,
N1,1081,link,link,21.2521944,92.1286104,407.072,
N1,1082,bridge,bridge,21.2521111,92.1287493,407.089,A
N1,1083,bridge,bridge,21.2504722,92.1307493,407.209,A
N1,1084,link,link,21.2504167,92.1307493,407.299,
N1,1085,bridge,bridge,21.248083,92.1341108,408.08,A
N1,1086,link,link,21.2479997,92.1342219,408.093,
N1,1087,link,link,21.2462219,92.1364719,408.134,
N1,1088,bridge,bridge,21.2447497,92.1389441,408.434,A
N1,1089,bridge,bridge,21.242333,92.1413608,408.817,D
N1,1090,link,link,21.2422219,92.1415552,408.839,
N1,1091,link,link,21.2412497,92.1440552,409.141,
N1,1092,link,link,21.2357774,92.1511667,410.121,
N1,1093,link,link,21.236333,92.1586667,411.119,
N1,1094,link,link,21.2283604,92.1617222,412.129,
N1,1095,bridge,bridge,21.2261382,92.1611667,412.394,C
N1,1096,bridge,bridge,21.2243327,92.1614444,412.603,A
N1,1097,link,link,21.2198049,92.1618611,413.131,
N1,1098,bridge,bridge,21.2165556,92.1626944,413.531,C
N1,1099,bridge,bridge,21.2152778,92.1649722,413.834,C
N1,1100,link,link,21.2142778,92.166666,414.03,
N1,1101,link,link,21.21375,92.1674438,414.136,
N1,1102,bridge,bridge,21.2127222,92.1678882,414.264,A
N1,1103,link,link,21.2105833,92.1681382,414.508,
N1,1104,bridge,bridge,21.2096944,92.168416,414.608,B
N1,1105,link,link,21.2056389,92.1703327,415.144,
N1,1106,bridge,bridge,21.2011389,92.170416,415.671,C
N1,1107,link,link,21.1989997,92.1703604,415.919,
N1,1108,bridge,bridge,21.1977219,92.1705549,416.044,A
N1,1109,link,link,21.1969441,92.1707493,416.157,
N1,1110,bridge,bridge,21.1965552,92.1708604,416.204,D
N1,1111,link,link,21.1925552,92.1697216,416.688,
N1,1112,bridge,bridge,21.1923052,92.1695271,416.73,C
N1,1113,bridge,bridge,21.1906108,92.167916,416.991,B
N1,1114,link,link,21.1897497,92.166666,417.164,
N1,1115,bridge,bridge,21.1866386,92.1638056,417.621,C
N1,1116,bridge,bridge,21.1859441,92.1610833,417.934,A
N1,1117,bridge,bridge,21.185833,92.1609167,417.957,B
N1,1118,link,link,21.1843052,92.1594167,418.19,
N1,1119,bridge,bridge,21.178666,92.1574722,418.889,C
N1,1120,link,link,21.1761938,92.1566111,419.18,
N1,1121,bridge,bridge,21.1742771,92.1557222,419.423,A
N1,1122,bridge,bridge,21.1718327,92.1551389,419.705,A
N1,1123,bridge,bridge,21.1698049,92.1545833,419.948,C
N1,1124,link,link,21.1694993,92.1543056,419.996,
N1,1125,bridge,bridge,21.168416,92.1532778,420.151,A
N1,1126,link,link,21.1677216,92.1527778,420.261,
N1,1127,bridge,bridge,21.1673327,92.1524167,420.326,A
N1,1128,bridge,bridge,21.1652222,92.1521667,420.579,A
N1,1129,bridge,bridge,21.1649444,92.1521944,420.611,B
N1,1130,link,link,21.16325,92.1522222,420.806,
N1,1131,bridge,bridge,21.1624722,92.1522778,420.895,A
N1,1132,link,link,21.1604167,92.1525,421.131,
N1,1133,link,link,21.1595,92.1526111,421.239,
N1,1134,bridge,bridge,21.1593056,92.1526111,421.26,A
N1,1135,bridge,bridge,21.1586667,92.1525,421.333,A
N1,1136,bridge,bridge,21.1556389,92.1527778,421.688,A
N1,1137,bridge,bridge,21.1537778,92.1528611,421.905,A
N1,1138,bridge,bridge,21.1521944,92.1535278,422.117,A
N1,1139,link,link,21.1507222,92.1545,422.315,
N1,1140,bridge,bridge,21.147333,92.1574167,422.853,C
N1,1141,bridge,bridge,21.1442774,92.1586389,423.222,A
N1,1142,link,link,21.1441663,92.1586944,423.241,
N1,1143,link,link,21.1435274,92.1589722,423.322,
N1,1144,bridge,bridge,21.1414997,92.1599167,423.57,A
N1,1145,bridge,bridge,21.1410552,92.1602222,423.631,A
N1,1146,bridge,bridge,21.1381108,92.1648611,424.234,A
N1,1147,link,link,21.1379719,92.1659167,424.35,
N1,1148,bridge,bridge,21.137833,92.1671104,424.473,A
N1,1149,bridge,bridge,21.1375552,92.1683049,424.604,A
N1,1150,bridge,bridge,21.1372219,92.1708882,424.875,A
N1,1151,bridge,bridge,21.1371108,92.1727771,425.075,A
N1,1152,link,link,21.1368886,92.173916,425.195,
N1,1153,bridge,bridge,21.1367219,92.1741382,425.225,A
N1,1154,link,link,21.1363886,92.1752493,425.353,
N1,1155,bridge,bridge,21.1363608,92.1755549,425.385,A
N1,1156,bridge,bridge,21.1353886,92.1770827,425.598,A
N1,1157,bridge,bridge,21.1333886,92.1806938,426.092,A
N1,1158,bridge,bridge,21.1333608,92.1808327,426.109,C
N1,1159,link,link,21.1329438,92.1824438,426.285,
N1,1160,link,link,21.1326938,92.183333,426.382,
N1,1161,bridge,bridge,21.1319716,92.1846108,426.542,A
N1,1162,bridge,bridge,21.1309716,92.1856941,426.716,A
N1,1163,link,link,21.1269438,92.1902219,427.382,
N1,1164,bridge,bridge,21.1268327,92.1902774,427.394,A
N1,1165,bridge,bridge,21.1242771,92.1918886,427.731,B
N1,1166,link,link,21.1239993,92.1919997,427.772,
N1,1167,link,link,21.1229993,92.1926663,427.906,
N1,1168,link,link,21.122166,92.1931941,428.019,
N1,1169,link,link,21.1214993,92.1935552,428.104,
N1,1170,link,link,21.1198604,92.1954719,428.387,
N1,1171,bridge,bridge,21.1190827,92.1960274,428.498,C
N1,1172,bridge,bridge,21.1175827,92.1966663,428.691,B
N1,1173,bridge,bridge,21.1165,92.1969163,428.818,B
N1,1174,bridge,bridge,21.1161389,92.1969997,428.869,C
N1,1175,link,link,21.1158333,92.1971386,428.908,
N1,1176,link,link,21.1151667,92.1975552,428.995,
N1,1177,link,link,21.1146111,92.1979719,429.073,
N1,1178,link,link,21.1121111,92.2002778,429.45,
N1,1179,bridge,bridge,21.1118611,92.2006389,429.497,C
N1,1180,bridge,bridge,21.1090556,92.2045278,429.812,C
N1,1181,link,link,21.1078333,92.2058611,430.242,
N1,1182,link,link,21.1078333,92.2069444,430.44,
N1,1183,link,link,21.1058333,92.20725,430.51,
N1,1184,bridge,bridge,21.1053611,92.2073889,430.574,C
N1,1185,bridge,bridge,21.1043611,92.2075278,430.694,C
N1,1186,bridge,bridge,21.1026389,92.2077778,430.901,A
N1,1187,link,link,21.1012778,92.2081389,431.073,
N1,1188,link,link,21.0996386,92.2091667,431.293,
N1,1189,link,link,21.0975552,92.2105,431.578,
N1,1190,bridge,bridge,21.097333,92.2106111,431.606,B
N1,1191,link,link,21.0939441,92.2118611,432.005,
N1,1192,link,link,21.0936663,92.2119444,432.041,
N1,1193,link,link,21.0923052,92.2123333,432.199,
N1,1194,link,link,21.090333,92.2129444,432.434,
N1,1195,link,link,21.0891941,92.2135,432.578,
N1,1196,bridge,bridge,21.0864997,92.2151111,432.924,A
N1,1197,bridge,bridge,21.0859441,92.2153889,432.992,A
N1,1198,link,link,21.0838608,92.2161111,433.245,
N1,1199,link,link,21.0811104,92.2169438,433.578,
N1,1200,bridge,bridge,21.0803049,92.2174993,433.683,A
N1,1201,bridge,bridge,21.0783327,92.2186382,433.944,A
N1,1202,bridge,bridge,21.077916,92.2189993,434.003,A
N1,1203,link,link,21.0765549,92.2209993,434.263,
N1,1204,link,link,21.0745271,92.2220549,434.522,
N1,1205,link,link,21.0735271,92.2226104,434.668,
N1,1206,bridge,bridge,21.0728327,92.2232216,434.778,B
N1,1207,link,link,21.071666,92.2242216,434.96,
N1,1208,bridge,bridge,21.0691104,92.2246382,435.272,B
N1,1209,link,link,21.0668882,92.2246104,435.522,
N1,1210,link,link,21.0655833,92.2245549,435.668,
N1,1211,bridge,bridge,21.0650556,92.2245271,435.746,C
N1,1212,link,link,21.063,92.2254993,436.007,
N1,1213,link,link,21.0615556,92.2262771,436.195,
N1,1214,link,link,21.0597778,92.2263882,436.399,
N1,1215,link,link,21.0596667,92.2263882,436.414,
N1,1216,link,link,21.0565833,92.2266104,436.756,
N1,1217,bridge,bridge,21.0549722,92.2268049,436.94,C
N1,1218,link,link,21.0513611,92.2302493,437.588,
N1,1219,link,link,21.0513611,92.2305827,437.626,
N1,1220,link,link,21.0513056,92.2317493,437.751,
N1,1221,bridge,bridge,21.0512778,92.2323327,437.815,C
N1,1222,link,link,21.0507222,92.2338608,438.004,
N1,1223,link,link,21.0479441,92.2346386,438.332,
N1,1224,link,link,21.0446941,92.2356941,438.713,
N1,1225,link,link,21.0439163,92.2359441,438.8,
N1,1226,bridge,bridge,21.0407497,92.2374997,439.197,A
N1,1227,link,link,21.0363608,92.2396941,439.737,
N1,1228,bridge,bridge,21.0360552,92.2398608,439.778,A
N1,1229,link,link,21.0338608,92.2407774,440.049,
N1,1230,bridge,bridge,21.0321104,92.241083,440.252,A
N1,1231,bridge,bridge,21.0300549,92.2413608,440.485,B
N1,1232,bridge,bridge,21.0269438,92.2416941,440.839,A
N1,1233,link,link,21.0249993,92.2418608,441.048,
N1,1234,bridge,bridge,21.0228882,92.2420274,441.292,A
N1,1235,bridge,bridge,21.0226104,92.2420552,441.327,B
N1,1236,link,link,21.0186104,92.2431386,441.811,
N1,1237,bridge,bridge,21.0169993,92.2440274,442.018,A
N1,1238,bridge,bridge,21.0150833,92.245333,442.274,A
N1,1239,link,link,21.0107222,92.2487219,442.881,
N1,1240,bridge,bridge,21.0101389,92.2492497,442.972,A
N1,1241,bridge,bridge,21.0078889,92.251,443.288,A
N1,1242,bridge,bridge,21.0064444,92.2520833,443.489,C
N1,1243,link,link,21.0029444,92.2531944,443.913,
N1,1244,bridge,bridge,20.9990274,92.2537778,444.358,B
N1,1245,link,link,20.9986386,92.2538889,444.408,
N1,1246,bridge,bridge,20.9942497,92.2545278,444.911,A
N1,1247,link,link,20.9940274,92.2546111,444.945,
N1,1248,bridge,bridge,20.9875274,92.2545556,445.687,A
N1,1249,link,link,20.9852774,92.2536389,445.964,
N1,1250,bridge,bridge,20.9778049,92.25075,446.856,B
N1,1251,link,link,20.9775827,92.2506111,446.888,
N1,1252,link,link,20.9769438,92.2502222,446.964,
N1,1253,bridge,bridge,20.9697216,92.2485552,447.825,B
N1,1254,link,link,20.9682771,92.2488052,447.999,
N1,1255,bridge,bridge,20.9673604,92.2491663,448.118,A
N1,1256,link,link,20.9671104,92.2494441,448.16,
N1,1257,bridge,bridge,20.9648611,92.2515278,448.497,A
N1,1258,bridge,bridge,20.9622778,92.2528889,448.82,A
N1,1259,bridge,bridge,20.9620556,92.2530556,448.851,A
N1,1260,link,link,20.9606389,92.2535,449.019,
N1,1261,bridge,bridge,20.9580833,92.2543056,449.321,A
N1,1262,link,link,20.9566667,92.2548056,449.491,
N1,1263,link,link,20.9538889,92.2559722,449.827,
N1,1264,link,link,20.9531667,92.2562778,449.92,
N1,1265,link,link,20.95225,92.2566111,450.04,
N1,1266,link,link,20.9521667,92.2566944,450.056,
N1,1267,bridge,bridge,20.94957125079681,92.25817740896414,450.391,A
N1,1268,bridge,bridge,20.9482774,92.2589167,450.558,A
N1,1269,link,link,20.9481386,92.2593056,450.604,
N1,1270,link,link,20.9459163,92.2603333,450.934,
N1,1271,link,link,20.9445552,92.2603333,451.121,
N1,1272,bridge,bridge,20.9436941,92.2603056,451.22,B
N1,1273,link,link,20.9373886,92.2623333,451.972,
N1,1274,link,link,20.9371108,92.2624722,452.012,
N1,1275,link,link,20.9361663,92.2628611,452.121,
N1,1276,bridge,bridge,20.9361108,92.2628611,452.133,A
N1,1277,bridge,bridge,20.9346663,92.2631667,452.299,C
N1,1278,bridge,bridge,20.934333,92.26325,452.339,C
N1,1279,link,link,20.9330549,92.2635,452.489,
N1,1280,link,link,20.929666,92.2641111,452.877,
N1,1281,link,link,20.9293327,92.2641389,452.914,
N1,1282,link,link,20.9270827,92.2644444,453.17,
N1,1283,link,link,20.9238882,92.2653889,453.551,
N1,1284,link,link,20.9234993,92.2656111,453.602,
N1,1285,link,link,20.9195827,92.268416,454.132,
N1,1286,link,link,20.9194993,92.2684716,454.149,
N1,1287,link,link,20.9189993,92.2686382,454.204,
N1,1288,link,link,20.9187771,92.2687771,454.234,
N1,1289,link,link,20.9176382,92.2692493,454.374,
N1,1290,link,link,20.9157222,92.2704993,454.629,
N1,1291,link,link,20.9154167,92.2706938,454.667,
N1,1292,link,link,20.9136389,92.2718604,454.899,
N1,1293,link,link,20.9132778,92.2721938,454.982,
N1,1294,link,link,20.9123889,92.2729716,455.1,
N1,1295,link,link,20.9122222,92.2729438,455.126,
N1,1296,link,link,20.9088889,92.275166,455.572,
N1,1297,link,link,20.9085556,92.2753604,455.619,
N1,1298,link,link,20.90675,92.2764993,455.857,
N1,1299,link,link,20.9059444,92.2771104,455.98,
N1,1300,link,link,20.9048333,92.277916,456.126,
N1,1301,link,link,20.9047222,92.2779716,456.143,
N1,1302,link,link,20.9033333,92.2789438,456.337,
N1,1303,link,link,20.9027222,92.279416,456.44,
N1,1304,link,link,20.9003333,92.2807216,456.751,
N1,1305,link,link,20.9001111,92.2809716,456.787,
N1,1306,link,link,20.8994441,92.2817216,456.9,
N1,1307,link,link,20.8984719,92.2828604,457.064,
N1,1308,link,link,20.8982219,92.283166,457.111,
N1,1309,link,link,20.8981108,92.2832493,457.126,
N1,1310,link,link,20.8980274,92.283333,457.148,
N1,1311,link,link,20.8977497,92.2836941,457.201,
N1,1312,link,link,20.8969163,92.2854441,457.411,
N1,1313,link,link,20.8967774,92.2857219,457.444,
N1,1314,link,link,20.8965552,92.286083,457.491,
N1,1315,link,link,20.8953608,92.2877219,457.71,
N1,1316,link,link,20.8948052,92.2881941,457.794,
N1,1317,link,link,20.894083,92.2887774,457.897,
N1,1318,link,link,20.8939441,92.2889163,457.921,
N1,1319,link,link,20.8932774,92.2896386,458.026,
N1,1320,link,link,20.8927774,92.2901386,458.105,
N1,1321,link,link,20.8926386,92.2902774,458.126,
N1,1322,link,link,20.8919163,92.2916663,458.297,
N1,1323,link,link,20.8918886,92.2918052,458.317,
N1,1324,link,link,20.891833,92.2923052,458.373,
N1,1325,link,link,20.8889163,92.2982497,459.115,
N1,1326,link,link,20.888833,92.2983886,459.13,
N1,1327,link,link,20.8869441,92.2996386,459.388,
N1,1328,link,link,20.8858608,92.2991941,459.521,
N1,1329,link,link,20.8820271,92.2977774,459.995,
N1,1330,link,link,20.8782216,92.2977774,460.426,
N1,1331,link,link,20.8768604,92.2978886,460.589,
N1,1332,link,link,20.8764993,92.2978886,460.632,
N1,1333,link,link,20.8692771,92.2981386,461.426,
N1,1334,link,link,20.8688604,92.2982219,461.476,
N1,1335,link,link,20.8650278,92.2982497,461.904,
N1,1336,link,link,20.8646667,92.2981941,461.946,
N1,1337,link,link,20.8629722,92.298083,462.124,
N1,1338,sink,sink,20.8629167,92.298083,462.254,
